cod_ibge,nome_municipio,uf,populacao,ano_referencia
1100015,Alta Floresta D'Oeste,RO,22787,2025
1100023,Ariquemes,RO,109170,2025
1100031,Cabixi,RO,5664,2025
1100049,Cacoal,RO,98280,2025
1100056,Cerejeiras,RO,16966,2025
1100064,Colorado do Oeste,RO,16508,2025
1100072,Corumbiara,RO,7968,2025
1100080,Costa Marques,RO,13510,2025
1100098,Espigão D'Oeste,RO,32842,2025
1100106,Guajará-Mirim,RO,43594,2025
1100114,Jaru,RO,55682,2025
1100122,Ji-Paraná,RO,140101,2025
1100130,Machadinho D'Oeste,RO,34149,2025
1100148,Nova Brasilândia D'Oeste,RO,16374,2025
1100155,Ouro Preto do Oeste,RO,38684,2025
1100189,Pimenta Bueno,RO,39220,2025
1100205,Porto Velho,RO,517709,2025
1100254,Presidente Médici,RO,20443,2025
1100262,Rio Crespo,RO,3767,2025
1100288,Rolim de Moura,RO,62959,2025
1100296,Santa Luzia D'Oeste,RO,7837,2025
1100304,Vilhena,RO,109651,2025
1100320,São Miguel do Guaporé,RO,22305,2025
1100338,Nova Mamoré,RO,28701,2025
1100346,Alvorada D'Oeste,RO,13720,2025
1100379,Alto Alegre dos Parecis,RO,12237,2025
1100403,Alto Paraíso,RO,17467,2025
1100452,Buritis,RO,30649,2025
1100502,Novo Horizonte do Oeste,RO,7972,2025
1100601,Cacaulândia,RO,4292,2025
1100700,Campo Novo de Rondônia,RO,9095,2025
1100809,Candeias do Jamari,RO,24313,2025
1100908,Castanheiras,RO,3450,2025
1100924,Chupinguaia,RO,10191,2025
1100940,Cujubim,RO,15877,2025
1101005,Governador Jorge Teixeira,RO,8340,2025
1101104,Itapuã do Oeste,RO,9228,2025
1101203,Ministro Andreazza,RO,6519,2025
1101302,Mirante da Serra,RO,9657,2025
1101401,Monte Negro,RO,12168,2025
1101435,Nova União,RO,6541,2025
1101450,Parecis,RO,4372,2025
1101468,Pimenteiras do Oeste,RO,2309,2025
1101476,Primavera de Rondônia,RO,3268,2025
1101484,São Felipe D'Oeste,RO,5588,2025
1101492,São Francisco do Guaporé,RO,17557,2025
1101500,Seringueiras,RO,12965,2025
1101559,Teixeirópolis,RO,4521,2025
1101609,Theobroma,RO,8459,2025
1101708,Urupá,RO,11314,2025
1101757,Vale do Anari,RO,8220,2025
1101807,Vale do Paraíso,RO,6790,2025
1200013,Acrelândia,AC,14712,2025
1200054,Assis Brasil,AC,8648,2025
1200104,Brasiléia,AC,28028,2025
1200138,Bujari,AC,13928,2025
1200179,Capixaba,AC,10981,2025
1200203,Cruzeiro do Sul,AC,98916,2025
1200252,Epitaciolândia,AC,19874,2025
1200302,Feijó,AC,37764,2025
1200328,Jordão,AC,9884,2025
1200336,Mâncio Lima,AC,20479,2025
1200344,Manoel Urbano,AC,12923,2025
1200351,Marechal Thaumaturgo,AC,18057,2025
1200385,Plácido de Castro,AC,17107,2025
1200393,Porto Walter,AC,11333,2025
1200401,Rio Branco,AC,389001,2025
1200427,Rodrigues Alves,AC,15560,2025
1200435,Santa Rosa do Purus,AC,7217,2025
1200450,Senador Guiomard,AC,22402,2025
1200500,Sena Madureira,AC,44049,2025
1200609,Tarauacá,AC,46816,2025
1200708,Xapuri,AC,19170,2025
1200807,Porto Acre,AC,17523,2025
1300029,Alvarães,AM,16806,2025
1300060,Amaturá,AM,11533,2025
1300086,Anamã,AM,9981,2025
1300102,Anori,AM,18056,2025
1300144,Apuí,AM,21781,2025
1300201,Atalaia do Norte,AM,15889,2025
1300300,Autazes,AM,45960,2025
1300409,Barcelos,AM,18210,2025
1300508,Barreirinha,AM,33722,2025
1300607,Benjamin Constant,AM,40908,2025
1300631,Beruri,AM,22495,2025
1300680,Boa Vista do Ramos,AM,26479,2025
1300706,Boca do Acre,AM,38792,2025
1300805,Borba,AM,34869,2025
1300839,Caapiranga,AM,14806,2025
1300904,Canutama,AM,18109,2025
1301001,Carauari,AM,31130,2025
1301100,Careiro,AM,32336,2025
1301159,Careiro da Várzea,AM,20324,2025
1301209,Coari,AM,73576,2025
1301308,Codajás,AM,24572,2025
1301407,Eirunepé,AM,35793,2025
1301506,Envira,AM,17985,2025
1301605,Fonte Boa,AM,28227,2025
1301654,Guajará,AM,14344,2025
1301704,Humaitá,AM,63454,2025
1301803,Ipixuna,AM,25629,2025
1301852,Iranduba,AM,68862,2025
1301902,Itacoatiara,AM,113917,2025
1301951,Itamarati,AM,11956,2025
1302009,Itapiranga,AM,10955,2025
1302108,Japurá,AM,9420,2025
1302207,Juruá,AM,11093,2025
1302306,Jutaí,AM,28202,2025
1302405,Lábrea,AM,49469,2025
1302504,Manacapuru,AM,111751,2025
1302553,Manaquiri,AM,16211,2025
1302603,Manaus,AM,2303732,2025
1302702,Manicoré,AM,58018,2025
1302801,Maraã,AM,15815,2025
1302900,Maués,AM,66336,2025
1303007,Nhamundá,AM,21251,2025
1303106,Nova Olinda do Norte,AM,28123,2025
1303205,Novo Airão,AM,16562,2025
1303304,Novo Aripuanã,AM,25325,2025
1303403,Parintins,AM,101855,2025
1303502,Pauini,AM,20229,2025
1303536,Presidente Figueiredo,AM,33291,2025
1303569,Rio Preto da Eva,AM,25364,2025
1303601,Santa Isabel do Rio Negro,AM,13947,2025
1303700,Santo Antônio do Içá,AM,30679,2025
1303809,São Gabriel da Cachoeira,AM,57396,2025
1303908,São Paulo de Olivença,AM,35442,2025
1303957,São Sebastião do Uatumã,AM,12338,2025
1304005,Silves,AM,12619,2025
1304062,Tabatinga,AM,73348,2025
1304104,Tapauá,AM,20728,2025
1304203,Tefé,AM,80137,2025
1304237,Tonantins,AM,20257,2025
1304260,Uarini,AM,15640,2025
1304302,Urucará,AM,19617,2025
1304401,Urucurituba,AM,25965,2025
1400027,Amajari,RR,16112,2025
1400050,Alto Alegre,RR,23589,2025
1400100,Boa Vista,RR,485477,2025
1400159,Bonfim,RR,15570,2025
1400175,Cantá,RR,21102,2025
1400209,Caracaraí,RR,22750,2025
1400233,Caroebe,RR,12004,2025
1400282,Iracema,RR,10937,2025
1400308,Mucajaí,RR,20006,2025
1400407,Normandia,RR,16323,2025
1400456,Pacaraima,RR,23112,2025
1400472,Rorainópolis,RR,37787,2025
1400506,São João da Baliza,RR,9969,2025
1400605,São Luiz do Anauá,RR,7848,2025
1400704,Uiramutã,RR,16186,2025
1500107,Abaetetuba,PA,172344,2025
1500131,Abel Figueiredo,PA,6275,2025
1500206,Acará,PA,63110,2025
1500305,Afuá,PA,40473,2025
1500347,Água Azul do Norte,PA,17596,2025
1500404,Alenquer,PA,75882,2025
1500503,Almeirim,PA,36442,2025
1500602,Altamira,PA,138749,2025
1500701,Anajás,PA,30247,2025
1500800,Ananindeua,PA,509227,2025
1500859,Anapu,PA,35638,2025
1500909,Augusto Corrêa,PA,47912,2025
1500958,Aurora do Pará,PA,24193,2025
1501006,Aveiro,PA,19380,2025
1501105,Bagre,PA,35147,2025
1501204,Baião,PA,56850,2025
1501253,Bannach,PA,4290,2025
1501303,Barcarena,PA,139076,2025
1501402,Belém,PA,1397315,2025
1501451,Belterra,PA,19075,2025
1501501,Benevides,PA,68962,2025
1501576,Bom Jesus do Tocantins,PA,19129,2025
1501600,Bonito,PA,12961,2025
1501709,Bragança,PA,132489,2025
1501725,Brasil Novo,PA,27130,2025
1501758,Brejo Grande do Araguaia,PA,6966,2025
1501782,Breu Branco,PA,47066,2025
1501808,Breves,PA,116058,2025
1501907,Bujaru,PA,25065,2025
1501956,Cachoeira do Piriá,PA,19223,2025
1502004,Cachoeira do Arari,PA,25467,2025
1502103,Cametá,PA,144859,2025
1502152,Canaã dos Carajás,PA,89524,2025
1502202,Capanema,PA,75309,2025
1502301,Capitão Poço,PA,60318,2025
1502400,Castanhal,PA,209126,2025
1502509,Chaves,PA,21501,2025
1502608,Colares,PA,13625,2025
1502707,Conceição do Araguaia,PA,47144,2025
1502756,Concórdia do Pará,PA,28270,2025
1502764,Cumaru do Norte,PA,15150,2025
1502772,Curionópolis,PA,20975,2025
1502806,Curralinho,PA,36814,2025
1502855,Curuá,PA,14954,2025
1502905,Curuçá,PA,44880,2025
1502939,Dom Eliseu,PA,62823,2025
1502954,Eldorado do Carajás,PA,29287,2025
1503002,Faro,PA,9167,2025
1503044,Floresta do Araguaia,PA,18595,2025
1503077,Garrafão do Norte,PA,25558,2025
1503093,Goianésia do Pará,PA,26703,2025
1503101,Gurupá,PA,34137,2025
1503200,Igarapé-Açu,PA,37925,2025
1503309,Igarapé-Miri,PA,69446,2025
1503408,Inhangapi,PA,10784,2025
1503457,Ipixuna do Pará,PA,29264,2025
1503507,Irituia,PA,32740,2025
1503606,Itaituba,PA,135369,2025
1503705,Itupiranga,PA,52201,2025
1503754,Jacareacanga,PA,26579,2025
1503804,Jacundá,PA,37726,2025
1503903,Juruti,PA,54255,2025
1504000,Limoeiro do Ajuru,PA,32088,2025
1504059,Mãe do Rio,PA,37473,2025
1504109,Magalhães Barata,PA,8439,2025
1504208,Marabá,PA,290975,2025
1504307,Maracanã,PA,27129,2025
1504406,Marapanim,PA,28159,2025
1504422,Marituba,PA,119437,2025
1504455,Medicilândia,PA,28677,2025
1504505,Melgaço,PA,30080,2025
1504604,Mocajuba,PA,28903,2025
1504703,Moju,PA,91760,2025
1504752,Mojuí dos Campos,PA,25818,2025
1504802,Monte Alegre,PA,64002,2025
1504901,Muaná,PA,49648,2025
1504950,Nova Esperança do Piriá,PA,21304,2025
1504976,Nova Ipixuna,PA,14400,2025
1505007,Nova Timboteua,PA,13175,2025
1505031,Novo Progresso,PA,37054,2025
1505064,Novo Repartimento,PA,63796,2025
1505106,Óbidos,PA,55527,2025
1505205,Oeiras do Pará,PA,36734,2025
1505304,Oriximiná,PA,72889,2025
1505403,Ourém,PA,18783,2025
1505437,Ourilândia do Norte,PA,35252,2025
1505486,Pacajá,PA,43741,2025
1505494,Palestina do Pará,PA,7063,2025
1505502,Paragominas,PA,113498,2025
1505536,Parauapebas,PA,305771,2025
1505551,Pau D'Arco,PA,7354,2025
1505601,Peixe-Boi,PA,8686,2025
1505635,Piçarra,PA,13366,2025
1505650,Placas,PA,18510,2025
1505700,Ponta de Pedras,PA,25736,2025
1505809,Portel,PA,67580,2025
1505908,Porto de Moz,PA,44121,2025
1506005,Prainha,PA,38733,2025
1506104,Primavera,PA,11379,2025
1506112,Quatipuru,PA,11838,2025
1506138,Redenção,PA,92694,2025
1506161,Rio Maria,PA,19190,2025
1506187,Rondon do Pará,PA,57031,2025
1506195,Rurópolis,PA,37198,2025
1506203,Salinópolis,PA,48663,2025
1506302,Salvaterra,PA,25687,2025
1506351,Santa Bárbara do Pará,PA,22530,2025
1506401,Santa Cruz do Arari,PA,7626,2025
1506500,Santa Izabel do Pará,PA,79195,2025
1506559,Santa Luzia do Pará,PA,21295,2025
1506583,Santa Maria das Barreiras,PA,17065,2025
1506609,Santa Maria do Pará,PA,25815,2025
1506708,Santana do Araguaia,PA,30455,2025
1506807,Santarém,PA,360871,2025
1506906,Santarém Novo,PA,6355,2025
1507003,Santo Antônio do Tauá,PA,29234,2025
1507102,São Caetano de Odivelas,PA,17258,2025
1507151,São Domingos do Araguaia,PA,21555,2025
1507201,São Domingos do Capim,PA,32554,2025
1507300,São Félix do Xingu,PA,64651,2025
1507409,São Francisco do Pará,PA,15429,2025
1507458,São Geraldo do Araguaia,PA,24929,2025
1507466,São João da Ponta,PA,4470,2025
1507474,São João de Pirabas,PA,21477,2025
1507508,São João do Araguaia,PA,14293,2025
1507607,São Miguel do Guamá,PA,55970,2025
1507706,São Sebastião da Boa Vista,PA,27651,2025
1507755,Sapucaia,PA,6212,2025
1507805,Senador José Porfírio,PA,24989,2025
1507904,Soure,PA,25315,2025
1507953,Tailândia,PA,75290,2025
1507961,Terra Alta,PA,10837,2025
1507979,Terra Santa,PA,19792,2025
1508001,Tomé-Açu,PA,73058,2025
1508035,Tracuateua,PA,30494,2025
1508050,Trairão,PA,15550,2025
1508084,Tucumã,PA,42883,2025
1508100,Tucuruí,PA,96119,2025
1508126,Ulianópolis,PA,39360,2025
1508159,Uruará,PA,45962,2025
1508209,Vigia,PA,54062,2025
1508308,Viseu,PA,62189,2025
1508357,Vitória do Xingu,PA,16552,2025
1508407,Xinguara,PA,57768,2025
1600055,Serra do Navio,AP,5003,2025
1600105,Amapá,AP,8440,2025
1600154,Pedra Branca do Amapari,AP,13888,2025
1600204,Calçoene,AP,11461,2025
1600212,Cutias,AP,4723,2025
1600238,Ferreira Gomes,AP,7184,2025
1600253,Itaubal,AP,6097,2025
1600279,Laranjal do Jari,AP,37872,2025
1600303,Macapá,AP,489676,2025
1600402,Mazagão,AP,23773,2025
1600501,Oiapoque,AP,30786,2025
1600535,Porto Grande,AP,19048,2025
1600550,Pracuúba,AP,4048,2025
1600600,Santana,AP,118803,2025
1600709,Tartarugalzinho,AP,13816,2025
1600808,Vitória do Jari,AP,11899,2025
1700251,Abreulândia,TO,2682,2025
1700301,Aguiarnópolis,TO,4502,2025
1700350,Aliança do Tocantins,TO,5196,2025
1700400,Almas,TO,6483,2025
1700707,Alvorada,TO,9128,2025
1701002,Ananás,TO,10700,2025
1701051,Angico,TO,2903,2025
1701101,Aparecida do Rio Negro,TO,5110,2025
1701309,Aragominas,TO,5330,2025
1701903,Araguacema,TO,6022,2025
1702000,Araguaçu,TO,8242,2025
1702109,Araguaína,TO,183024,2025
1702158,Araguanã,TO,4300,2025
1702208,Araguatins,TO,33286,2025
1702307,Arapoema,TO,5488,2025
1702406,Arraias,TO,10511,2025
1702554,Augustinópolis,TO,18237,2025
1702703,Aurora do Tocantins,TO,3418,2025
1702901,Axixá do Tocantins,TO,10732,2025
1703008,Babaçulândia,TO,7636,2025
1703057,Bandeirantes do Tocantins,TO,3555,2025
1703073,Barra do Ouro,TO,4667,2025
1703107,Barrolândia,TO,4890,2025
1703206,Bernardo Sayão,TO,4307,2025
1703305,Bom Jesus do Tocantins,TO,4201,2025
1703602,Brasilândia do Tocantins,TO,2013,2025
1703701,Brejinho de Nazaré,TO,4774,2025
1703800,Buriti do Tocantins,TO,10696,2025
1703826,Cachoeirinha,TO,1982,2025
1703842,Campos Lindos,TO,8990,2025
1703867,Cariri do Tocantins,TO,4166,2025
1703883,Carmolândia,TO,2242,2025
1703891,Carrasco Bonito,TO,3344,2025
1703909,Caseara,TO,5028,2025
1704105,Centenário,TO,2111,2025
1704600,Chapada de Areia,TO,1574,2025
1705102,Chapada da Natividade,TO,3176,2025
1705508,Colinas do Tocantins,TO,36209,2025
1705557,Combinado,TO,4906,2025
1705607,Conceição do Tocantins,TO,3942,2025
1706001,Couto Magalhães,TO,5540,2025
1706100,Cristalândia,TO,6392,2025
1706258,Crixás do Tocantins,TO,1494,2025
1706506,Darcinópolis,TO,6093,2025
1707009,Dianópolis,TO,17966,2025
1707108,Divinópolis do Tocantins,TO,7343,2025
1707207,Dois Irmãos do Tocantins,TO,6352,2025
1707306,Dueré,TO,4304,2025
1707405,Esperantina,TO,7385,2025
1707553,Fátima,TO,3503,2025
1707652,Figueirópolis,TO,5334,2025
1707702,Filadélfia,TO,7784,2025
1708205,Formoso do Araguaia,TO,19473,2025
1708254,Tabocão,TO,3741,2025
1708304,Goianorte,TO,4832,2025
1709005,Goiatins,TO,12851,2025
1709302,Guaraí,TO,25831,2025
1709500,Gurupi,TO,90209,2025
1709807,Ipueiras,TO,1626,2025
1710508,Itacajá,TO,6959,2025
1710706,Itaguatins,TO,5160,2025
1710904,Itapiratins,TO,3685,2025
1711100,Itaporã do Tocantins,TO,2464,2025
1711506,Jaú do Tocantins,TO,3396,2025
1711803,Juarina,TO,2308,2025
1711902,Lagoa da Confusão,TO,16629,2025
1711951,Lagoa do Tocantins,TO,3613,2025
1712009,Lajeado,TO,3559,2025
1712157,Lavandeira,TO,1676,2025
1712405,Lizarda,TO,2950,2025
1712454,Luzinópolis,TO,2811,2025
1712504,Marianópolis do Tocantins,TO,4793,2025
1712702,Mateiros,TO,2922,2025
1712801,Maurilândia do Tocantins,TO,3171,2025
1713205,Miracema do Tocantins,TO,18679,2025
1713304,Miranorte,TO,13073,2025
1713601,Monte do Carmo,TO,5667,2025
1713700,Monte Santo do Tocantins,TO,2521,2025
1713809,Palmeiras do Tocantins,TO,4850,2025
1713957,Muricilândia,TO,3501,2025
1714203,Natividade,TO,8956,2025
1714302,Nazaré,TO,4672,2025
1714880,Nova Olinda,TO,10600,2025
1715002,Nova Rosalândia,TO,3382,2025
1715101,Novo Acordo,TO,4118,2025
1715150,Novo Alegre,TO,1817,2025
1715259,Novo Jardim,TO,2251,2025
1715507,Oliveira de Fátima,TO,1220,2025
1715705,Palmeirante,TO,4905,2025
1715754,Palmeirópolis,TO,7104,2025
1716109,Paraíso do Tocantins,TO,55704,2025
1716208,Paranã,TO,10877,2025
1716307,Pau D'Arco,TO,4057,2025
1716505,Pedro Afonso,TO,14895,2025
1716604,Peixe,TO,9384,2025
1716653,Pequizeiro,TO,5035,2025
1716703,Colméia,TO,9155,2025
1717008,Pindorama do Tocantins,TO,4599,2025
1717206,Piraquê,TO,2229,2025
1717503,Pium,TO,7408,2025
1717800,Ponte Alta do Bom Jesus,TO,4280,2025
1717909,Ponte Alta do Tocantins,TO,7874,2025
1718006,Porto Alegre do Tocantins,TO,2960,2025
1718204,Porto Nacional,TO,69551,2025
1718303,Praia Norte,TO,9552,2025
1718402,Presidente Kennedy,TO,3016,2025
1718451,Pugmil,TO,2223,2025
1718501,Recursolândia,TO,3454,2025
1718550,Riachinho,TO,4029,2025
1718659,Rio da Conceição,TO,1827,2025
1718709,Rio dos Bois,TO,2845,2025
1718758,Rio Sono,TO,4718,2025
1718808,Sampaio,TO,4397,2025
1718840,Sandolândia,TO,3900,2025
1718865,Santa Fé do Araguaia,TO,7533,2025
1718881,Santa Maria do Tocantins,TO,2716,2025
1718899,Santa Rita do Tocantins,TO,2299,2025
1718907,Santa Rosa do Tocantins,TO,4799,2025
1719004,Santa Tereza do Tocantins,TO,2907,2025
1720002,Santa Terezinha do Tocantins,TO,2461,2025
1720101,São Bento do Tocantins,TO,6004,2025
1720150,São Félix do Tocantins,TO,1897,2025
1720200,São Miguel do Tocantins,TO,14116,2025
1720259,São Salvador do Tocantins,TO,2356,2025
1720309,São Sebastião do Tocantins,TO,4182,2025
1720499,São Valério,TO,4554,2025
1720655,Silvanópolis,TO,5259,2025
1720804,Sítio Novo do Tocantins,TO,11446,2025
1720853,Sucupira,TO,1591,2025
1720903,Taguatinga,TO,14199,2025
1720937,Taipas do Tocantins,TO,2092,2025
1720978,Talismã,TO,2505,2025
1721000,Palmas,TO,328499,2025
1721109,Tocantínia,TO,7802,2025
1721208,Tocantinópolis,TO,23225,2025
1721257,Tupirama,TO,2024,2025
1721307,Tupiratins,TO,1886,2025
1722081,Wanderlândia,TO,10734,2025
1722107,Xambioá,TO,10636,2025
2100055,Açailândia,MA,110611,2025
2100105,Afonso Cunha,MA,6303,2025
2100154,Água Doce do Maranhão,MA,12461,2025
2100204,Alcântara,MA,18721,2025
2100303,Aldeias Altas,MA,23776,2025
2100402,Altamira do Maranhão,MA,6549,2025
2100436,Alto Alegre do Maranhão,MA,24528,2025
2100477,Alto Alegre do Pindaré,MA,26321,2025
2100501,Alto Parnaíba,MA,11392,2025
2100550,Amapá do Maranhão,MA,7380,2025
2100600,Amarante do Maranhão,MA,38335,2025
2100709,Anajatuba,MA,26250,2025
2100808,Anapurus,MA,14113,2025
2100832,Apicum-Açu,MA,18033,2025
2100873,Araguanã,MA,11297,2025
2100907,Araioses,MA,40231,2025
2100956,Arame,MA,26089,2025
2101004,Arari,MA,30555,2025
2101103,Axixá,MA,12091,2025
2101202,Bacabal,MA,107755,2025
2101251,Bacabeira,MA,17459,2025
2101301,Bacuri,MA,16591,2025
2101350,Bacurituba,MA,5375,2025
2101400,Balsas,MA,105974,2025
2101509,Barão de Grajaú,MA,19493,2025
2101608,Barra do Corda,MA,87757,2025
2101707,Barreirinhas,MA,68234,2025
2101731,Belágua,MA,8751,2025
2101772,Bela Vista do Maranhão,MA,12104,2025
2101806,Benedito Leite,MA,5599,2025
2101905,Bequimão,MA,19968,2025
2101939,Bernardo do Mearim,MA,5989,2025
2101970,Boa Vista do Gurupi,MA,7781,2025
2102002,Bom Jardim,MA,33936,2025
2102036,Bom Jesus das Selvas,MA,29606,2025
2102077,Bom Lugar,MA,12371,2025
2102101,Brejo,MA,35354,2025
2102150,Brejo de Areia,MA,9363,2025
2102200,Buriti,MA,30866,2025
2102309,Buriti Bravo,MA,22938,2025
2102325,Buriticupu,MA,56733,2025
2102358,Buritirana,MA,13125,2025
2102374,Cachoeira Grande,MA,10032,2025
2102408,Cajapió,MA,10336,2025
2102507,Cajari,MA,16680,2025
2102556,Campestre do Maranhão,MA,12536,2025
2102606,Cândido Mendes,MA,20440,2025
2102705,Cantanhede,MA,25059,2025
2102754,Capinzal do Norte,MA,11681,2025
2102804,Carolina,MA,24619,2025
2102903,Carutapera,MA,24906,2025
2103000,Caxias,MA,163546,2025
2103109,Cedral,MA,10446,2025
2103125,Central do Maranhão,MA,7220,2025
2103158,Centro do Guilherme,MA,12693,2025
2103174,Centro Novo do Maranhão,MA,16477,2025
2103208,Chapadinha,MA,84395,2025
2103257,Cidelândia,MA,13141,2025
2103307,Codó,MA,118283,2025
2103406,Coelho Neto,MA,42841,2025
2103505,Colinas,MA,41788,2025
2103554,Conceição do Lago-Açu,MA,15278,2025
2103604,Coroatá,MA,61337,2025
2103703,Cururupu,MA,32602,2025
2103752,Davinópolis,MA,14828,2025
2103802,Dom Pedro,MA,23594,2025
2103901,Duque Bacelar,MA,10443,2025
2104008,Esperantinópolis,MA,18734,2025
2104057,Estreito,MA,34321,2025
2104073,Feira Nova do Maranhão,MA,8237,2025
2104081,Fernando Falcão,MA,11219,2025
2104099,Formosa da Serra Negra,MA,18150,2025
2104107,Fortaleza dos Nogueiras,MA,12963,2025
2104206,Fortuna,MA,17347,2025
2104305,Godofredo Viana,MA,10424,2025
2104404,Gonçalves Dias,MA,17580,2025
2104503,Governador Archer,MA,10476,2025
2104552,Governador Edison Lobão,MA,18963,2025
2104602,Governador Eugênio Barros,MA,14264,2025
2104628,Governador Luiz Rocha,MA,7216,2025
2104651,Governador Newton Bello,MA,10993,2025
2104677,Governador Nunes Freire,MA,23526,2025
2104701,Graça Aranha,MA,6160,2025
2104800,Grajaú,MA,76837,2025
2104909,Guimarães,MA,10439,2025
2105005,Humberto de Campos,MA,26550,2025
2105104,Icatu,MA,25332,2025
2105153,Igarapé do Meio,MA,14383,2025
2105203,Igarapé Grande,MA,10461,2025
2105302,Imperatriz,MA,285806,2025
2105351,Itaipava do Grajaú,MA,14142,2025
2105401,Itapecuru Mirim,MA,62264,2025
2105427,Itinga do Maranhão,MA,22896,2025
2105450,Jatobá,MA,7593,2025
2105476,Jenipapo dos Vieiras,MA,17529,2025
2105500,João Lisboa,MA,25311,2025
2105609,Joselândia,MA,15227,2025
2105658,Junco do Maranhão,MA,5282,2025
2105708,Lago da Pedra,MA,45865,2025
2105807,Lago do Junco,MA,9687,2025
2105906,Lago Verde,MA,15069,2025
2105922,Lagoa do Mato,MA,10806,2025
2105948,Lago dos Rodrigues,MA,8962,2025
2105963,Lagoa Grande do Maranhão,MA,11731,2025
2105989,Lajeado Novo,MA,7232,2025
2106003,Lima Campos,MA,11559,2025
2106102,Loreto,MA,11884,2025
2106201,Luís Domingues,MA,7366,2025
2106300,Magalhães de Almeida,MA,13933,2025
2106326,Maracaçumé,MA,21730,2025
2106359,Marajá do Sena,MA,7153,2025
2106375,Maranhãozinho,MA,14092,2025
2106409,Mata Roma,MA,17581,2025
2106508,Matinha,MA,22540,2025
2106607,Matões,MA,33327,2025
2106631,Matões do Norte,MA,18021,2025
2106672,Milagres do Maranhão,MA,9065,2025
2106706,Mirador,MA,21536,2025
2106755,Miranda do Norte,MA,24373,2025
2106805,Mirinzal,MA,14298,2025
2106904,Monção,MA,28563,2025
2107001,Montes Altos,MA,9306,2025
2107100,Morros,MA,19015,2025
2107209,Nina Rodrigues,MA,14589,2025
2107258,Nova Colinas,MA,5148,2025
2107308,Nova Iorque,MA,4409,2025
2107357,Nova Olinda do Maranhão,MA,14379,2025
2107407,Olho d'Água das Cunhãs,MA,18288,2025
2107456,Olinda Nova do Maranhão,MA,13921,2025
2107506,Paço do Lumiar,MA,153158,2025
2107605,Palmeirândia,MA,21657,2025
2107704,Paraibano,MA,18589,2025
2107803,Parnarama,MA,32232,2025
2107902,Passagem Franca,MA,17591,2025
2108009,Pastos Bons,MA,19266,2025
2108058,Paulino Neves,MA,17578,2025
2108108,Paulo Ramos,MA,20798,2025
2108207,Pedreiras,MA,38252,2025
2108256,Pedro do Rosário,MA,24955,2025
2108306,Penalva,MA,33496,2025
2108405,Peri Mirim,MA,11229,2025
2108454,Peritoró,MA,20903,2025
2108504,Pindaré-Mirim,MA,32542,2025
2108603,Pinheiro,MA,88091,2025
2108702,Pio XII,MA,22374,2025
2108801,Pirapemas,MA,18132,2025
2108900,Poção de Pedras,MA,17394,2025
2109007,Porto Franco,MA,24571,2025
2109056,Porto Rico do Maranhão,MA,6092,2025
2109106,Presidente Dutra,MA,46606,2025
2109205,Presidente Juscelino,MA,11616,2025
2109239,Presidente Médici,MA,4717,2025
2109270,Presidente Sarney,MA,17925,2025
2109304,Presidente Vargas,MA,10791,2025
2109403,Primeira Cruz,MA,13920,2025
2109452,Raposa,MA,32156,2025
2109502,Riachão,MA,22740,2025
2109551,Ribamar Fiquene,MA,7601,2025
2109601,Rosário,MA,39761,2025
2109700,Sambaíba,MA,6234,2025
2109759,Santa Filomena do Maranhão,MA,6833,2025
2109809,Santa Helena,MA,43200,2025
2109908,Santa Inês,MA,88249,2025
2110005,Santa Luzia,MA,58839,2025
2110039,Santa Luzia do Paruá,MA,24890,2025
2110104,Santa Quitéria do Maranhão,MA,24495,2025
2110203,Santa Rita,MA,38542,2025
2110237,Santana do Maranhão,MA,10759,2025
2110278,Santo Amaro do Maranhão,MA,14287,2025
2110302,Santo Antônio dos Lopes,MA,14628,2025
2110401,São Benedito do Rio Preto,MA,18810,2025
2110500,São Bento,MA,48166,2025
2110609,São Bernardo,MA,27910,2025
2110658,São Domingos do Azeitão,MA,8236,2025
2110708,São Domingos do Maranhão,MA,35247,2025
2110807,São Félix de Balsas,MA,4491,2025
2110856,São Francisco do Brejão,MA,9202,2025
2110906,São Francisco do Maranhão,MA,12360,2025
2111003,São João Batista,MA,18889,2025
2111029,São João do Carú,MA,12360,2025
2111052,São João do Paraíso,MA,10091,2025
2111078,São João do Soter,MA,17253,2025
2111102,São João dos Patos,MA,25910,2025
2111201,São José de Ribamar,MA,259164,2025
2111250,São José dos Basílios,MA,7094,2025
2111300,São Luís,MA,1089215,2025
2111409,São Luís Gonzaga do Maranhão,MA,18123,2025
2111508,São Mateus do Maranhão,MA,40177,2025
2111532,São Pedro da Água Branca,MA,14786,2025
2111573,São Pedro dos Crentes,MA,5993,2025
2111607,São Raimundo das Mangabeiras,MA,19158,2025
2111631,São Raimundo do Doca Bezerra,MA,5761,2025
2111672,São Roberto,MA,4577,2025
2111706,São Vicente Ferrer,MA,19865,2025
2111722,Satubinha,MA,8821,2025
2111748,Senador Alexandre Costa,MA,10447,2025
2111763,Senador La Rocque,MA,15044,2025
2111789,Serrano do Maranhão,MA,10475,2025
2111805,Sítio Novo,MA,17464,2025
2111904,Sucupira do Norte,MA,10471,2025
2111953,Sucupira do Riachão,MA,5081,2025
2112001,Tasso Fragoso,MA,9130,2025
2112100,Timbiras,MA,27328,2025
2112209,Timon,MA,182711,2025
2112233,Trizidela do Vale,MA,23097,2025
2112274,Tufilândia,MA,5633,2025
2112308,Tuntum,MA,37364,2025
2112407,Turiaçu,MA,38993,2025
2112456,Turilândia,MA,33219,2025
2112506,Tutóia,MA,55076,2025
2112605,Urbano Santos,MA,34143,2025
2112704,Vargem Grande,MA,44444,2025
2112803,Viana,MA,53176,2025
2112852,Vila Nova dos Martírios,MA,10561,2025
2112902,Vitória do Mearim,MA,31859,2025
2113009,Vitorino Freire,MA,31920,2025
2114007,Zé Doca,MA,41815,2025
2200053,Acauã,PI,6323,2025
2200103,Agricolândia,PI,5016,2025
2200202,Água Branca,PI,18095,2025
2200251,Alagoinha do Piauí,PI,6876,2025
2200277,Alegrete do Piauí,PI,4707,2025
2200301,Alto Longá,PI,13729,2025
2200400,Altos,PI,50094,2025
2200459,Alvorada do Gurguéia,PI,5474,2025
2200509,Amarante,PI,17594,2025
2200608,Angical do Piauí,PI,6991,2025
2200707,Anísio de Abreu,PI,9649,2025
2200806,Antônio Almeida,PI,3234,2025
2200905,Aroazes,PI,5413,2025
2200954,Aroeiras do Itaim,PI,2777,2025
2201002,Arraial,PI,4517,2025
2201051,Assunção do Piauí,PI,7596,2025
2201101,Avelino Lopes,PI,11118,2025
2201150,Baixa Grande do Ribeiro,PI,13983,2025
2201176,Barra D'Alcântara,PI,4099,2025
2201200,Barras,PI,49703,2025
2201309,Barreiras do Piauí,PI,3336,2025
2201408,Barro Duro,PI,6731,2025
2201507,Batalha,PI,27129,2025
2201556,Bela Vista do Piauí,PI,4225,2025
2201572,Belém do Piauí,PI,3515,2025
2201606,Beneditinos,PI,10093,2025
2201705,Bertolínia,PI,5715,2025
2201739,Betânia do Piauí,PI,6596,2025
2201770,Boa Hora,PI,7140,2025
2201804,Bocaina,PI,4118,2025
2201903,Bom Jesus,PI,30658,2025
2201919,Bom Princípio do Piauí,PI,5805,2025
2201929,Bonfim do Piauí,PI,6117,2025
2201945,Boqueirão do Piauí,PI,6751,2025
2201960,Brasileira,PI,8684,2025
2201988,Brejo do Piauí,PI,3964,2025
2202000,Buriti dos Lopes,PI,20130,2025
2202026,Buriti dos Montes,PI,7517,2025
2202059,Cabeceiras do Piauí,PI,10466,2025
2202075,Cajazeiras do Piauí,PI,3135,2025
2202083,Cajueiro da Praia,PI,8246,2025
2202091,Caldeirão Grande do Piauí,PI,5602,2025
2202109,Campinas do Piauí,PI,4964,2025
2202117,Campo Alegre do Fidalgo,PI,4698,2025
2202133,Campo Grande do Piauí,PI,6211,2025
2202174,Campo Largo do Piauí,PI,7669,2025
2202208,Campo Maior,PI,47119,2025
2202251,Canavieira,PI,3404,2025
2202307,Canto do Buriti,PI,19639,2025
2202406,Capitão de Campos,PI,11362,2025
2202455,Capitão Gervásio Oliveira,PI,4071,2025
2202505,Caracol,PI,10546,2025
2202539,Caraúbas do Piauí,PI,5581,2025
2202554,Caridade do Piauí,PI,5176,2025
2202604,Castelo do Piauí,PI,19669,2025
2202653,Caxingó,PI,5682,2025
2202703,Cocal,PI,29302,2025
2202711,Cocal de Telha,PI,5046,2025
2202729,Cocal dos Alves,PI,6596,2025
2202737,Coivaras,PI,4249,2025
2202752,Colônia do Gurguéia,PI,6294,2025
2202778,Colônia do Piauí,PI,7067,2025
2202802,Conceição do Canindé,PI,5078,2025
2202851,Coronel José Dias,PI,4291,2025
2202901,Corrente,PI,28381,2025
2203008,Cristalândia do Piauí,PI,7431,2025
2203107,Cristino Castro,PI,10801,2025
2203206,Curimatá,PI,11581,2025
2203230,Currais,PI,4977,2025
2203255,Curralinhos,PI,4555,2025
2203271,Curral Novo do Piauí,PI,5191,2025
2203305,Demerval Lobão,PI,17139,2025
2203354,Dirceu Arcoverde,PI,7259,2025
2203404,Dom Expedito Lopes,PI,6410,2025
2203420,Domingos Mourão,PI,4129,2025
2203453,Dom Inocêncio,PI,9332,2025
2203503,Elesbão Veloso,PI,13743,2025
2203602,Eliseu Martins,PI,4421,2025
2203701,Esperantina,PI,42710,2025
2203750,Fartura do Piauí,PI,5426,2025
2203800,Flores do Piauí,PI,4512,2025
2203859,Floresta do Piauí,PI,2354,2025
2203909,Floriano,PI,64393,2025
2204006,Francinópolis,PI,4481,2025
2204105,Francisco Ayres,PI,4548,2025
2204154,Francisco Macedo,PI,2985,2025
2204204,Francisco Santos,PI,8349,2025
2204303,Fronteiras,PI,10344,2025
2204352,Geminiano,PI,5604,2025
2204402,Gilbués,PI,11193,2025
2204501,Guadalupe,PI,10480,2025
2204550,Guaribas,PI,4344,2025
2204600,Hugo Napoleão,PI,3550,2025
2204659,Ilha Grande,PI,9522,2025
2204709,Inhuma,PI,15268,2025
2204808,Ipiranga do Piauí,PI,9627,2025
2204907,Isaías Coelho,PI,7867,2025
2205003,Itainópolis,PI,10969,2025
2205102,Itaueira,PI,10477,2025
2205151,Jacobina do Piauí,PI,5711,2025
2205201,Jaicós,PI,17789,2025
2205250,Jardim do Mulato,PI,4235,2025
2205276,Jatobá do Piauí,PI,4560,2025
2205300,Jerumenha,PI,4606,2025
2205359,João Costa,PI,3033,2025
2205409,Joaquim Pires,PI,14265,2025
2205458,Joca Marques,PI,5552,2025
2205508,José de Freitas,PI,44689,2025
2205516,Juazeiro do Piauí,PI,5308,2025
2205524,Júlio Borges,PI,5501,2025
2205532,Jurema,PI,4501,2025
2205540,Lagoinha do Piauí,PI,3044,2025
2205557,Lagoa Alegre,PI,8464,2025
2205565,Lagoa do Barro do Piauí,PI,5171,2025
2205573,Lagoa de São Francisco,PI,6446,2025
2205581,Lagoa do Piauí,PI,5017,2025
2205599,Lagoa do Sítio,PI,4559,2025
2205607,Landri Sales,PI,5309,2025
2205706,Luís Correia,PI,31901,2025
2205805,Luzilândia,PI,26143,2025
2205854,Madeiro,PI,8231,2025
2205904,Manoel Emídio,PI,5315,2025
2205953,Marcolândia,PI,8822,2025
2206001,Marcos Parente,PI,4863,2025
2206050,Massapê do Piauí,PI,5165,2025
2206100,Matias Olímpio,PI,10886,2025
2206209,Miguel Alves,PI,33074,2025
2206308,Miguel Leão,PI,1355,2025
2206357,Milton Brandão,PI,6681,2025
2206407,Monsenhor Gil,PI,10513,2025
2206506,Monsenhor Hipólito,PI,7762,2025
2206605,Monte Alegre do Piauí,PI,10928,2025
2206654,Morro Cabeça no Tempo,PI,4456,2025
2206670,Morro do Chapéu do Piauí,PI,6548,2025
2206696,Murici dos Portelas,PI,10210,2025
2206704,Nazaré do Piauí,PI,6697,2025
2206720,Nazária,PI,10821,2025
2206753,Nossa Senhora de Nazaré,PI,5442,2025
2206803,Nossa Senhora dos Remédios,PI,8751,2025
2206902,Novo Oriente do Piauí,PI,6158,2025
2206951,Novo Santo Antônio,PI,2888,2025
2207009,Oeiras,PI,39687,2025
2207108,Olho D'Água do Piauí,PI,2730,2025
2207207,Padre Marcos,PI,6468,2025
2207306,Paes Landim,PI,4176,2025
2207355,Pajeú do Piauí,PI,3032,2025
2207405,Palmeira do Piauí,PI,5047,2025
2207504,Palmeirais,PI,13458,2025
2207553,Paquetá,PI,3873,2025
2207603,Parnaguá,PI,10282,2025
2207702,Parnaíba,PI,170491,2025
2207751,Passagem Franca do Piauí,PI,4222,2025
2207777,Patos do Piauí,PI,5427,2025
2207793,Pau D'Arco do Piauí,PI,3979,2025
2207801,Paulistana,PI,21633,2025
2207850,Pavussu,PI,3697,2025
2207900,Pedro II,PI,39072,2025
2207934,Pedro Laurentino,PI,2517,2025
2207959,Nova Santa Rita,PI,4142,2025
2208007,Picos,PI,86701,2025
2208106,Pimenteiras,PI,11487,2025
2208205,Pio IX,PI,17948,2025
2208304,Piracuruca,PI,29721,2025
2208403,Piripiri,PI,67887,2025
2208502,Porto,PI,12323,2025
2208551,Porto Alegre do Piauí,PI,2382,2025
2208601,Prata do Piauí,PI,3096,2025
2208650,Queimada Nova,PI,8948,2025
2208700,Redenção do Gurguéia,PI,8565,2025
2208809,Regeneração,PI,17400,2025
2208858,Riacho Frio,PI,4238,2025
2208874,Ribeira do Piauí,PI,4105,2025
2208908,Ribeiro Gonçalves,PI,6182,2025
2209005,Rio Grande do Piauí,PI,5845,2025
2209104,Santa Cruz do Piauí,PI,5872,2025
2209153,Santa Cruz dos Milagres,PI,3448,2025
2209203,Santa Filomena,PI,6210,2025
2209302,Santa Luz,PI,5418,2025
2209351,Santana do Piauí,PI,4159,2025
2209377,Santa Rosa do Piauí,PI,4666,2025
2209401,Santo Antônio de Lisboa,PI,5930,2025
2209450,Santo Antônio dos Milagres,PI,2169,2025
2209500,Santo Inácio do Piauí,PI,3682,2025
2209559,São Braz do Piauí,PI,4454,2025
2209609,São Félix do Piauí,PI,2879,2025
2209658,São Francisco de Assis do Piauí,PI,5713,2025
2209708,São Francisco do Piauí,PI,5358,2025
2209757,São Gonçalo do Gurguéia,PI,3026,2025
2209807,São Gonçalo do Piauí,PI,4985,2025
2209856,São João da Canabrava,PI,4359,2025
2209872,São João da Fronteira,PI,5608,2025
2209906,São João da Serra,PI,6232,2025
2209955,São João da Varjota,PI,4430,2025
2209971,São João do Arraial,PI,8494,2025
2210003,São João do Piauí,PI,22137,2025
2210052,São José do Divino,PI,5317,2025
2210102,São José do Peixe,PI,3300,2025
2210201,São José do Piauí,PI,6733,2025
2210300,São Julião,PI,6131,2025
2210359,São Lourenço do Piauí,PI,4497,2025
2210375,São Luis do Piauí,PI,2277,2025
2210383,São Miguel da Baixa Grande,PI,2299,2025
2210391,São Miguel do Fidalgo,PI,2864,2025
2210409,São Miguel do Tapuio,PI,17911,2025
2210508,São Pedro do Piauí,PI,14055,2025
2210607,São Raimundo Nonato,PI,41139,2025
2210623,Sebastião Barros,PI,3210,2025
2210631,Sebastião Leal,PI,4590,2025
2210656,Sigefredo Pacheco,PI,9623,2025
2210706,Simões,PI,14664,2025
2210805,Simplício Mendes,PI,14437,2025
2210904,Socorro do Piauí,PI,4165,2025
2210938,Sussuapara,PI,6346,2025
2210953,Tamboril do Piauí,PI,3040,2025
2210979,Tanque do Piauí,PI,2319,2025
2211001,Teresina,PI,905692,2025
2211100,União,PI,47896,2025
2211209,Uruçuí,PI,26779,2025
2211308,Valença do Piauí,PI,23025,2025
2211357,Várzea Branca,PI,5181,2025
2211407,Várzea Grande,PI,4520,2025
2211506,Vera Mendes,PI,3282,2025
2211605,Vila Nova do Piauí,PI,2972,2025
2211704,Wall Ferraz,PI,4195,2025
2300101,Abaiara,CE,10269,2025
2300150,Acarape,CE,14340,2025
2300200,Acaraú,CE,69317,2025
2300309,Acopiara,CE,45937,2025
2300408,Aiuaba,CE,14115,2025
2300507,Alcântaras,CE,11795,2025
2300606,Altaneira,CE,6974,2025
2300705,Alto Santo,CE,14372,2025
2300754,Amontada,CE,44584,2025
2300804,Antonina do Norte,CE,7507,2025
2300903,Apuiarés,CE,13193,2025
2301000,Aquiraz,CE,85316,2025
2301109,Aracati,CE,79205,2025
2301208,Aracoiaba,CE,26752,2025
2301257,Ararendá,CE,11532,2025
2301307,Araripe,CE,20194,2025
2301406,Aratuba,CE,11427,2025
2301505,Arneiroz,CE,7615,2025
2301604,Assaré,CE,22195,2025
2301703,Aurora,CE,24244,2025
2301802,Baixio,CE,5821,2025
2301851,Banabuiú,CE,17667,2025
2301901,Barbalha,CE,81441,2025
2301950,Barreira,CE,23474,2025
2302008,Barro,CE,19569,2025
2302057,Barroquinha,CE,14998,2025
2302107,Baturité,CE,37147,2025
2302206,Beberibe,CE,55977,2025
2302305,Bela Cruz,CE,34613,2025
2302404,Boa Viagem,CE,52133,2025
2302503,Brejo Santo,CE,54192,2025
2302602,Camocim,CE,65251,2025
2302701,Campos Sales,CE,26049,2025
2302800,Canindé,CE,77376,2025
2302909,Capistrano,CE,17795,2025
2303006,Caridade,CE,16234,2025
2303105,Cariré,CE,18074,2025
2303204,Caririaçu,CE,27532,2025
2303303,Cariús,CE,17277,2025
2303402,Carnaubal,CE,17815,2025
2303501,Cascavel,CE,76866,2025
2303600,Catarina,CE,9110,2025
2303659,Catunda,CE,10864,2025
2303709,Caucaia,CE,378406,2025
2303808,Cedro,CE,22564,2025
2303907,Chaval,CE,12811,2025
2303931,Choró,CE,12352,2025
2303956,Chorozinho,CE,20808,2025
2304004,Coreaú,CE,21417,2025
2304103,Crateús,CE,80130,2025
2304202,Crato,CE,139027,2025
2304236,Croatá,CE,18050,2025
2304251,Cruz,CE,32288,2025
2304269,Deputado Irapuan Pinheiro,CE,9173,2025
2304277,Ereré,CE,6381,2025
2304285,Eusébio,CE,82016,2025
2304301,Farias Brito,CE,18498,2025
2304350,Forquilha,CE,25298,2025
2304400,Fortaleza,CE,2578483,2025
2304459,Fortim,CE,18213,2025
2304509,Frecheirinha,CE,16516,2025
2304608,General Sampaio,CE,6929,2025
2304657,Graça,CE,14176,2025
2304707,Granja,CE,55809,2025
2304806,Granjeiro,CE,4955,2025
2304905,Groaíras,CE,11369,2025
2304954,Guaiúba,CE,25158,2025
2305001,Guaraciaba do Norte,CE,44565,2025
2305100,Guaramiranga,CE,5826,2025
2305209,Hidrolândia,CE,18186,2025
2305233,Horizonte,CE,81161,2025
2305266,Ibaretama,CE,12149,2025
2305308,Ibiapina,CE,24689,2025
2305332,Ibicuitinga,CE,12008,2025
2305357,Icapuí,CE,22562,2025
2305407,Icó,CE,64745,2025
2305506,Iguatu,CE,102588,2025
2305605,Independência,CE,24463,2025
2305654,Ipaporanga,CE,11963,2025
2305704,Ipaumirim,CE,12459,2025
2305803,Ipu,CE,43084,2025
2305902,Ipueiras,CE,38287,2025
2306009,Iracema,CE,14440,2025
2306108,Irauçuba,CE,24867,2025
2306207,Itaiçaba,CE,7801,2025
2306256,Itaitinga,CE,72512,2025
2306306,Itapajé,CE,49073,2025
2306405,Itapipoca,CE,138978,2025
2306504,Itapiúna,CE,18197,2025
2306553,Itarema,CE,45852,2025
2306603,Itatira,CE,21160,2025
2306702,Jaguaretama,CE,17604,2025
2306801,Jaguaribara,CE,10668,2025
2306900,Jaguaribe,CE,35143,2025
2307007,Jaguaruana,CE,33115,2025
2307106,Jardim,CE,28801,2025
2307205,Jati,CE,8114,2025
2307254,Jijoca de Jericoacoara,CE,28198,2025
2307304,Juazeiro do Norte,CE,305531,2025
2307403,Jucás,CE,24624,2025
2307502,Lavras da Mangabeira,CE,32163,2025
2307601,Limoeiro do Norte,CE,62623,2025
2307635,Madalena,CE,17235,2025
2307650,Maracanaú,CE,251613,2025
2307700,Maranguape,CE,108622,2025
2307809,Marco,CE,27177,2025
2307908,Martinópole,CE,11280,2025
2308005,Massapê,CE,39840,2025
2308104,Mauriti,CE,47501,2025
2308203,Meruoca,CE,15853,2025
2308302,Milagres,CE,26819,2025
2308351,Milhã,CE,14713,2025
2308377,Miraíma,CE,14826,2025
2308401,Missão Velha,CE,38997,2025
2308500,Mombaça,CE,38451,2025
2308609,Monsenhor Tabosa,CE,17705,2025
2308708,Morada Nova,CE,65390,2025
2308807,Moraújo,CE,8537,2025
2308906,Morrinhos,CE,23747,2025
2309003,Mucambo,CE,13999,2025
2309102,Mulungu,CE,11064,2025
2309201,Nova Olinda,CE,16045,2025
2309300,Nova Russas,CE,32053,2025
2309409,Novo Oriente,CE,29097,2025
2309458,Ocara,CE,25272,2025
2309508,Orós,CE,19943,2025
2309607,Pacajus,CE,75454,2025
2309706,Pacatuba,CE,86564,2025
2309805,Pacoti,CE,11421,2025
2309904,Pacujá,CE,6348,2025
2310001,Palhano,CE,9709,2025
2310100,Palmácia,CE,10252,2025
2310209,Paracuru,CE,41894,2025
2310258,Paraipaba,CE,34086,2025
2310308,Parambu,CE,32867,2025
2310407,Paramoti,CE,10462,2025
2310506,Pedra Branca,CE,42227,2025
2310605,Penaforte,CE,9357,2025
2310704,Pentecoste,CE,39903,2025
2310803,Pereiro,CE,15858,2025
2310852,Pindoretama,CE,24919,2025
2310902,Piquet Carneiro,CE,17285,2025
2310951,Pires Ferreira,CE,10984,2025
2311009,Poranga,CE,12441,2025
2311108,Porteiras,CE,17877,2025
2311207,Potengi,CE,8854,2025
2311231,Potiretama,CE,6128,2025
2311264,Quiterianópolis,CE,20545,2025
2311306,Quixadá,CE,88846,2025
2311355,Quixelô,CE,16998,2025
2311405,Quixeramobim,CE,86431,2025
2311504,Quixeré,CE,21659,2025
2311603,Redenção,CE,28382,2025
2311702,Reriutaba,CE,19051,2025
2311801,Russas,CE,74834,2025
2311900,Saboeiro,CE,13943,2025
2311959,Salitre,CE,17303,2025
2312007,Santana do Acaraú,CE,32133,2025
2312106,Santana do Cariri,CE,17391,2025
2312205,Santa Quitéria,CE,41569,2025
2312304,São Benedito,CE,50058,2025
2312403,São Gonçalo do Amarante,CE,58191,2025
2312502,São João do Jaguaribe,CE,5683,2025
2312601,São Luís do Curu,CE,10888,2025
2312700,Senador Pompeu,CE,25108,2025
2312809,Senador Sá,CE,7551,2025
2312908,Sobral,CE,216519,2025
2313005,Solonópole,CE,18785,2025
2313104,Tabuleiro do Norte,CE,32122,2025
2313203,Tamboril,CE,25287,2025
2313252,Tarrafas,CE,7574,2025
2313302,Tauá,CE,64655,2025
2313351,Tejuçuoca,CE,17646,2025
2313401,Tianguá,CE,86968,2025
2313500,Trairi,CE,62004,2025
2313559,Tururu,CE,15524,2025
2313609,Ubajara,CE,34424,2025
2313708,Umari,CE,6963,2025
2313757,Umirim,CE,17751,2025
2313807,Uruburetama,CE,21331,2025
2313906,Uruoca,CE,14308,2025
2313955,Varjota,CE,18708,2025
2314003,Várzea Alegre,CE,40878,2025
2314102,Viçosa do Ceará,CE,62972,2025
2400109,Acari,RN,10855,2025
2400208,Assú,RN,59099,2025
2400307,Afonso Bezerra,RN,11158,2025
2400406,Água Nova,RN,3029,2025
2400505,Alexandria,RN,14058,2025
2400604,Almino Afonso,RN,4802,2025
2400703,Alto do Rodrigues,RN,12874,2025
2400802,Angicos,RN,11985,2025
2400901,Antônio Martins,RN,6730,2025
2401008,Apodi,RN,37486,2025
2401107,Areia Branca,RN,24607,2025
2401206,Arez,RN,13681,2025
2401305,Campo Grande,RN,10071,2025
2401404,Baía Formosa,RN,9115,2025
2401453,Baraúna,RN,28415,2025
2401503,Barcelona,RN,4108,2025
2401602,Bento Fernandes,RN,4911,2025
2401651,Bodó,RN,2360,2025
2401701,Bom Jesus,RN,10308,2025
2401800,Brejinho,RN,12638,2025
2401859,Caiçara do Norte,RN,6479,2025
2401909,Caiçara do Rio do Vento,RN,3360,2025
2402006,Caicó,RN,63338,2025
2402105,Campo Redondo,RN,10510,2025
2402204,Canguaretama,RN,30789,2025
2402303,Caraúbas,RN,20182,2025
2402402,Carnaúba dos Dantas,RN,8296,2025
2402501,Carnaubais,RN,10026,2025
2402600,Ceará-Mirim,RN,83543,2025
2402709,Cerro Corá,RN,11334,2025
2402808,Coronel Ezequiel,RN,5233,2025
2402907,Coronel João Pessoa,RN,4297,2025
2403004,Cruzeta,RN,8245,2025
2403103,Currais Novos,RN,42922,2025
2403202,Doutor Severiano,RN,7262,2025
2403251,Parnamirim,RN,271713,2025
2403301,Encanto,RN,6289,2025
2403400,Equador,RN,5461,2025
2403509,Espírito Santo,RN,10951,2025
2403608,Extremoz,RN,68584,2025
2403707,Felipe Guerra,RN,6472,2025
2403756,Fernando Pedroza,RN,3035,2025
2403806,Florânia,RN,10556,2025
2403905,Francisco Dantas,RN,2758,2025
2404002,Frutuoso Gomes,RN,4230,2025
2404101,Galinhos,RN,2159,2025
2404200,Goianinha,RN,28422,2025
2404309,Governador Dix-Sept Rosado,RN,12231,2025
2404408,Grossos,RN,10281,2025
2404507,Guamaré,RN,16076,2025
2404606,Ielmo Marinho,RN,11889,2025
2404705,Ipanguaçu,RN,14560,2025
2404804,Ipueira,RN,2090,2025
2404853,Itajá,RN,7551,2025
2404903,Itaú,RN,5447,2025
2405009,Jaçanã,RN,8053,2025
2405108,Jandaíra,RN,6752,2025
2405207,Janduís,RN,4813,2025
2405306,Januário Cicco,RN,8843,2025
2405405,Japi,RN,5219,2025
2405504,Jardim de Angicos,RN,2488,2025
2405603,Jardim de Piranhas,RN,14446,2025
2405702,Jardim do Seridó,RN,11942,2025
2405801,João Câmara,RN,34849,2025
2405900,João Dias,RN,2073,2025
2406007,José da Penha,RN,5966,2025
2406106,Jucurutu,RN,18304,2025
2406155,Jundiá,RN,3868,2025
2406205,Lagoa d'Anta,RN,6756,2025
2406304,Lagoa de Pedras,RN,7597,2025
2406403,Lagoa de Velhos,RN,2631,2025
2406502,Lagoa Nova,RN,16203,2025
2406601,Lagoa Salgada,RN,8657,2025
2406700,Lajes,RN,10094,2025
2406809,Lajes Pintadas,RN,4950,2025
2406908,Lucrécia,RN,3576,2025
2407005,Luís Gomes,RN,9271,2025
2407104,Macaíba,RN,87056,2025
2407203,Macau,RN,28350,2025
2407252,Major Sales,RN,4086,2025
2407302,Marcelino Vieira,RN,8083,2025
2407401,Martins,RN,8415,2025
2407500,Maxaranguape,RN,10534,2025
2407609,Messias Targino,RN,4410,2025
2407708,Montanhas,RN,11785,2025
2407807,Monte Alegre,RN,23953,2025
2407906,Monte das Gameleiras,RN,2345,2025
2408003,Mossoró,RN,278587,2025
2408102,Natal,RN,784249,2025
2408201,Nísia Floresta,RN,34325,2025
2408300,Nova Cruz,RN,35523,2025
2408409,Olho d'Água do Borges,RN,3736,2025
2408508,Ouro Branco,RN,5084,2025
2408607,Paraná,RN,4048,2025
2408706,Paraú,RN,3650,2025
2408805,Parazinho,RN,4945,2025
2408904,Parelhas,RN,22242,2025
2408953,Rio do Fogo,RN,10692,2025
2409100,Passa e Fica,RN,11407,2025
2409209,Passagem,RN,3233,2025
2409308,Patu,RN,11215,2025
2409332,Santa Maria,RN,5000,2025
2409407,Pau dos Ferros,RN,32123,2025
2409506,Pedra Grande,RN,3736,2025
2409605,Pedra Preta,RN,2495,2025
2409704,Pedro Avelino,RN,6312,2025
2409803,Pedro Velho,RN,14197,2025
2409902,Pendências,RN,12499,2025
2410009,Pilões,RN,2992,2025
2410108,Poço Branco,RN,12565,2025
2410207,Portalegre,RN,7859,2025
2410256,Porto do Mangue,RN,5351,2025
2410306,Serra Caiada,RN,11203,2025
2410405,Pureza,RN,9752,2025
2410504,Rafael Fernandes,RN,5682,2025
2410603,Rafael Godeiro,RN,3005,2025
2410702,Riacho da Cruz,RN,2724,2025
2410801,Riacho de Santana,RN,4245,2025
2410900,Riachuelo,RN,7646,2025
2411007,Rodolfo Fernandes,RN,4345,2025
2411056,Tibau,RN,5748,2025
2411106,Ruy Barbosa,RN,3253,2025
2411205,Santa Cruz,RN,39101,2025
2411403,Santana do Matos,RN,12722,2025
2411429,Santana do Seridó,RN,2796,2025
2411502,Santo Antônio,RN,22793,2025
2411601,São Bento do Norte,RN,3442,2025
2411700,São Bento do Trairí,RN,3890,2025
2411809,São Fernando,RN,3606,2025
2411908,São Francisco do Oeste,RN,4319,2025
2412005,São Gonçalo do Amarante,RN,124495,2025
2412104,São João do Sabugi,RN,6136,2025
2412203,São José de Mipibu,RN,50053,2025
2412302,São José do Campestre,RN,11298,2025
2412401,São José do Seridó,RN,4733,2025
2412500,São Miguel,RN,24422,2025
2412559,São Miguel do Gostoso,RN,10636,2025
2412609,São Paulo do Potengi,RN,17371,2025
2412708,São Pedro,RN,5890,2025
2412807,São Rafael,RN,7889,2025
2412906,São Tomé,RN,10161,2025
2413003,São Vicente,RN,6530,2025
2413102,Senador Elói de Souza,RN,6027,2025
2413201,Senador Georgino Avelino,RN,4202,2025
2413300,Serra de São Bento,RN,5866,2025
2413359,Serra do Mel,RN,13819,2025
2413409,Serra Negra do Norte,RN,7800,2025
2413508,Serrinha,RN,6608,2025
2413557,Serrinha dos Pintos,RN,4810,2025
2413607,Severiano Melo,RN,5616,2025
2413706,Sítio Novo,RN,4746,2025
2413805,Taboleiro Grande,RN,2409,2025
2413904,Taipu,RN,11708,2025
2414001,Tangará,RN,13583,2025
2414100,Tenente Ananias,RN,10610,2025
2414159,Tenente Laurentino Cruz,RN,6152,2025
2414209,Tibau do Sul,RN,18080,2025
2414308,Timbaúba dos Batistas,RN,2424,2025
2414407,Touros,RN,34767,2025
2414456,Triunfo Potiguar,RN,3477,2025
2414506,Umarizal,RN,10655,2025
2414605,Upanema,RN,14048,2025
2414704,Várzea,RN,5387,2025
2414753,Venha-Ver,RN,3005,2025
2414803,Vera Cruz,RN,11053,2025
2414902,Viçosa,RN,1900,2025
2415008,Vila Flor,RN,3304,2025
2500106,Água Branca,PB,9580,2025
2500205,Aguiar,PB,5026,2025
2500304,Alagoa Grande,PB,26655,2025
2500403,Alagoa Nova,PB,21823,2025
2500502,Alagoinha,PB,14140,2025
2500536,Alcantil,PB,5806,2025
2500577,Algodão de Jandaíra,PB,3143,2025
2500601,Alhandra,PB,23065,2025
2500700,São João do Rio do Peixe,PB,18500,2025
2500734,Amparo,PB,2328,2025
2500775,Aparecida,PB,8257,2025
2500809,Araçagi,PB,16991,2025
2500908,Arara,PB,12482,2025
2501005,Araruna,PB,17360,2025
2501104,Areia,PB,23031,2025
2501153,Areia de Baraúnas,PB,2027,2025
2501203,Areial,PB,7434,2025
2501302,Aroeiras,PB,19142,2025
2501351,Assunção,PB,4383,2025
2501401,Baía da Traição,PB,9741,2025
2501500,Bananeiras,PB,24134,2025
2501534,Baraúna,PB,5010,2025
2501575,Barra de Santana,PB,8247,2025
2501609,Barra de Santa Rosa,PB,13024,2025
2501708,Barra de São Miguel,PB,6123,2025
2501807,Bayeux,PB,83862,2025
2501906,Belém,PB,16710,2025
2502003,Belém do Brejo do Cruz,PB,6272,2025
2502052,Bernardino Batista,PB,3677,2025
2502102,Boa Ventura,PB,5246,2025
2502151,Boa Vista,PB,6592,2025
2502201,Bom Jesus,PB,2328,2025
2502300,Bom Sucesso,PB,4720,2025
2502409,Bonito de Santa Fé,PB,10433,2025
2502508,Boqueirão,PB,18216,2025
2502607,Igaracy,PB,5719,2025
2502706,Borborema,PB,4185,2025
2502805,Brejo do Cruz,PB,14095,2025
2502904,Brejo dos Santos,PB,5816,2025
2503001,Caaporã,PB,21942,2025
2503100,Cabaceiras,PB,5537,2025
2503209,Cabedelo,PB,70734,2025
2503308,Cachoeira dos Índios,PB,9335,2025
2503407,Cacimba de Areia,PB,3344,2025
2503506,Cacimba de Dentro,PB,16332,2025
2503555,Cacimbas,PB,7513,2025
2503605,Caiçara,PB,6684,2025
2503704,Cajazeiras,PB,66585,2025
2503753,Cajazeirinhas,PB,2760,2025
2503803,Caldas Brandão,PB,5942,2025
2503902,Camalaú,PB,6327,2025
2504009,Campina Grande,PB,443911,2025
2504033,Capim,PB,7446,2025
2504074,Caraúbas,PB,4067,2025
2504108,Carrapateira,PB,2365,2025
2504157,Casserengue,PB,7052,2025
2504207,Catingueira,PB,4556,2025
2504306,Catolé do Rocha,PB,32288,2025
2504355,Caturité,PB,5544,2025
2504405,Conceição,PB,18731,2025
2504504,Condado,PB,6629,2025
2504603,Conde,PB,30007,2025
2504702,Congo,PB,5124,2025
2504801,Coremas,PB,14987,2025
2504850,Coxixola,PB,1888,2025
2504900,Cruz do Espírito Santo,PB,17821,2025
2505006,Cubati,PB,7842,2025
2505105,Cuité,PB,20208,2025
2505204,Cuitegi,PB,6890,2025
2505238,Cuité de Mamanguape,PB,6441,2025
2505279,Curral de Cima,PB,5415,2025
2505303,Curral Velho,PB,2316,2025
2505352,Damião,PB,5141,2025
2505402,Desterro,PB,8314,2025
2505501,Vista Serrana,PB,3772,2025
2505600,Diamante,PB,6416,2025
2505709,Dona Inês,PB,10638,2025
2505808,Duas Estradas,PB,3360,2025
2505907,Emas,PB,3036,2025
2506004,Esperança,PB,32599,2025
2506103,Fagundes,PB,11307,2025
2506202,Frei Martinho,PB,2911,2025
2506251,Gado Bravo,PB,8398,2025
2506301,Guarabira,PB,60057,2025
2506400,Gurinhém,PB,14141,2025
2506509,Gurjão,PB,3352,2025
2506608,Ibiara,PB,5713,2025
2506707,Imaculada,PB,10497,2025
2506806,Ingá,PB,18234,2025
2506905,Itabaiana,PB,23558,2025
2507002,Itaporanga,PB,24766,2025
2507101,Itapororoca,PB,19165,2025
2507200,Itatuba,PB,10840,2025
2507309,Jacaraú,PB,14969,2025
2507408,Jericó,PB,7728,2025
2507507,João Pessoa,PB,897633,2025
2507606,Juarez Távora,PB,8088,2025
2507705,Juazeirinho,PB,17520,2025
2507804,Junco do Seridó,PB,7019,2025
2507903,Juripiranga,PB,10255,2025
2508000,Juru,PB,9380,2025
2508109,Lagoa,PB,4489,2025
2508208,Lagoa de Dentro,PB,8123,2025
2508307,Lagoa Seca,PB,29209,2025
2508406,Lastro,PB,3316,2025
2508505,Livramento,PB,7041,2025
2508554,Logradouro,PB,5107,2025
2508604,Lucena,PB,13088,2025
2508703,Mãe d'Água,PB,3599,2025
2508802,Malta,PB,6288,2025
2508901,Mamanguape,PB,46966,2025
2509008,Manaíra,PB,10699,2025
2509057,Marcação,PB,9537,2025
2509107,Mari,PB,22170,2025
2509156,Marizópolis,PB,7001,2025
2509206,Massaranduba,PB,14756,2025
2509305,Mataraca,PB,8650,2025
2509339,Matinhas,PB,4759,2025
2509370,Mato Grosso,PB,2584,2025
2509396,Maturéia,PB,6717,2025
2509404,Mogeiro,PB,14435,2025
2509503,Montadas,PB,6144,2025
2509602,Monte Horebe,PB,4429,2025
2509701,Monteiro,PB,33886,2025
2509800,Mulungu,PB,8909,2025
2509909,Natuba,PB,8935,2025
2510006,Nazarezinho,PB,7394,2025
2510105,Nova Floresta,PB,9840,2025
2510204,Nova Olinda,PB,5897,2025
2510303,Nova Palmeira,PB,4359,2025
2510402,Olho d'Água,PB,6059,2025
2510501,Olivedos,PB,3675,2025
2510600,Ouro Velho,PB,3000,2025
2510659,Parari,PB,1745,2025
2510709,Passagem,PB,2580,2025
2510808,Patos,PB,108104,2025
2510907,Paulista,PB,12172,2025
2511004,Pedra Branca,PB,3851,2025
2511103,Pedra Lavrada,PB,6980,2025
2511202,Pedras de Fogo,PB,31356,2025
2511301,Piancó,PB,17088,2025
2511400,Picuí,PB,18862,2025
2511509,Pilar,PB,12889,2025
2511608,Pilões,PB,6974,2025
2511707,Pilõezinhos,PB,5539,2025
2511806,Pirpirituba,PB,9411,2025
2511905,Pitimbu,PB,17166,2025
2512002,Pocinhos,PB,18038,2025
2512036,Poço Dantas,PB,3934,2025
2512077,Poço de José de Moura,PB,4126,2025
2512101,Pombal,PB,33866,2025
2512200,Prata,PB,4032,2025
2512309,Princesa Isabel,PB,21674,2025
2512408,Puxinanã,PB,14942,2025
2512507,Queimadas,PB,50698,2025
2512606,Quixaba,PB,1803,2025
2512705,Remígio,PB,18399,2025
2512721,Pedro Régis,PB,5932,2025
2512747,Riachão,PB,2945,2025
2512754,Riachão do Bacamarte,PB,4911,2025
2512762,Riachão do Poço,PB,4989,2025
2512788,Riacho de Santo Antônio,PB,2063,2025
2512804,Riacho dos Cavalos,PB,8788,2025
2512903,Rio Tinto,PB,25500,2025
2513000,Salgadinho,PB,3435,2025
2513109,Salgado de São Félix,PB,11741,2025
2513158,Santa Cecília,PB,8113,2025
2513208,Santa Cruz,PB,6013,2025
2513307,Santa Helena,PB,6023,2025
2513356,Santa Inês,PB,3256,2025
2513406,Santa Luzia,PB,15418,2025
2513505,Santana de Mangueira,PB,5090,2025
2513604,Santana dos Garrotes,PB,6618,2025
2513653,Joca Claudino,PB,2607,2025
2513703,Santa Rita,PB,160852,2025
2513802,Santa Teresinha,PB,4492,2025
2513851,Santo André,PB,2708,2025
2513901,São Bento,PB,33845,2025
2513927,São Bentinho,PB,4490,2025
2513943,São Domingos do Cariri,PB,2688,2025
2513968,São Domingos,PB,2624,2025
2513984,São Francisco,PB,3176,2025
2514008,São João do Cariri,PB,4345,2025
2514107,São João do Tigre,PB,4359,2025
2514206,São José da Lagoa Tapada,PB,7251,2025
2514305,São José de Caiana,PB,4966,2025
2514404,São José de Espinharas,PB,4056,2025
2514453,São José dos Ramos,PB,6137,2025
2514503,São José de Piranhas,PB,19561,2025
2514552,São José de Princesa,PB,3323,2025
2514602,São José do Bonfim,PB,3337,2025
2514651,São José do Brejo do Cruz,PB,1750,2025
2514701,São José do Sabugi,PB,4283,2025
2514800,São José dos Cordeiros,PB,3462,2025
2514909,São Mamede,PB,7629,2025
2515005,São Miguel de Taipu,PB,7307,2025
2515104,São Sebastião de Lagoa de Roça,PB,11387,2025
2515203,São Sebastião do Umbuzeiro,PB,3382,2025
2515302,Sapé,PB,53457,2025
2515401,São Vicente do Seridó,PB,10652,2025
2515500,Serra Branca,PB,14131,2025
2515609,Serra da Raiz,PB,3156,2025
2515708,Serra Grande,PB,3056,2025
2515807,Serra Redonda,PB,6975,2025
2515906,Serraria,PB,4754,2025
2515930,Sertãozinho,PB,5332,2025
2515971,Sobrado,PB,8646,2025
2516003,Solânea,PB,27748,2025
2516102,Soledade,PB,14409,2025
2516151,Sossêgo,PB,3476,2025
2516201,Sousa,PB,70066,2025
2516300,Sumé,PB,17852,2025
2516409,Tacima,PB,7794,2025
2516508,Taperoá,PB,14358,2025
2516607,Tavares,PB,14473,2025
2516706,Teixeira,PB,15129,2025
2516755,Tenório,PB,3082,2025
2516805,Triunfo,PB,10315,2025
2516904,Uiraúna,PB,15431,2025
2517001,Umbuzeiro,PB,9274,2025
2517100,Várzea,PB,2777,2025
2517209,Vieirópolis,PB,4967,2025
2517407,Zabelê,PB,2323,2025
2600054,Abreu e Lima,PE,104248,2025
2600104,Afogados da Ingazeira,PE,42672,2025
2600203,Afrânio,PE,19409,2025
2600302,Agrestina,PE,24680,2025
2600401,Água Preta,PE,26981,2025
2600500,Águas Belas,PE,43822,2025
2600609,Alagoinha,PE,14460,2025
2600708,Aliança,PE,37349,2025
2600807,Altinho,PE,21134,2025
2600906,Amaraji,PE,18335,2025
2601003,Angelim,PE,10591,2025
2601052,Araçoiaba,PE,19996,2025
2601102,Araripina,PE,90504,2025
2601201,Arcoverde,PE,82487,2025
2601300,Barra de Guabiraba,PE,12601,2025
2601409,Barreiros,PE,42083,2025
2601508,Belém de Maria,PE,10798,2025
2601607,Belém do São Francisco,PE,18648,2025
2601706,Belo Jardim,PE,84033,2025
2601805,Betânia,PE,11961,2025
2601904,Bezerros,PE,65007,2025
2602001,Bodocó,PE,36145,2025
2602100,Bom Conselho,PE,46202,2025
2602209,Bom Jardim,PE,39289,2025
2602308,Bonito,PE,39212,2025
2602407,Brejão,PE,9417,2025
2602506,Brejinho,PE,8033,2025
2602605,Brejo da Madre de Deus,PE,51308,2025
2602704,Buenos Aires,PE,13276,2025
2602803,Buíque,PE,53489,2025
2602902,Cabo de Santo Agostinho,PE,218049,2025
2603009,Cabrobó,PE,31762,2025
2603108,Cachoeirinha,PE,20673,2025
2603207,Caetés,PE,30571,2025
2603306,Calçado,PE,11453,2025
2603405,Calumbi,PE,5354,2025
2603454,Camaragibe,PE,156112,2025
2603504,Camocim de São Félix,PE,18018,2025
2603603,Camutanga,PE,7962,2025
2603702,Canhotinho,PE,25103,2025
2603801,Capoeiras,PE,18854,2025
2603900,Carnaíba,PE,19533,2025
2603926,Carnaubeira da Penha,PE,12712,2025
2604007,Carpina,PE,83482,2025
2604106,Caruaru,PE,405408,2025
2604155,Casinhas,PE,13468,2025
2604205,Catende,PE,33086,2025
2604304,Cedro,PE,10843,2025
2604403,Chã de Alegria,PE,13496,2025
2604502,Chã Grande,PE,21258,2025
2604601,Condado,PE,25416,2025
2604700,Correntes,PE,17670,2025
2604809,Cortês,PE,10426,2025
2604908,Cumaru,PE,16215,2025
2605004,Cupira,PE,24343,2025
2605103,Custódia,PE,39609,2025
2605152,Dormentes,PE,17850,2025
2605202,Escada,PE,62174,2025
2605301,Exu,PE,33486,2025
2605400,Feira Nova,PE,22222,2025
2605459,Fernando de Noronha,PE,3341,2025
2605509,Ferreiros,PE,15955,2025
2605608,Flores,PE,20776,2025
2605707,Floresta,PE,31702,2025
2605806,Frei Miguelinho,PE,14055,2025
2605905,Gameleira,PE,17583,2025
2606002,Garanhuns,PE,151803,2025
2606101,Glória do Goitá,PE,30420,2025
2606200,Goiana,PE,85497,2025
2606309,Granito,PE,7217,2025
2606408,Gravatá,PE,92429,2025
2606507,Iati,PE,17570,2025
2606606,Ibimirim,PE,28825,2025
2606705,Ibirajuba,PE,7334,2025
2606804,Igarassu,PE,123017,2025
2606903,Iguaracy,PE,11347,2025
2607000,Inajá,PE,27758,2025
2607109,Ingazeira,PE,4975,2025
2607208,Ipojuca,PE,106539,2025
2607307,Ipubi,PE,30720,2025
2607406,Itacuruba,PE,4491,2025
2607505,Itaíba,PE,33995,2025
2607604,Ilha de Itamaracá,PE,25658,2025
2607653,Itambé,PE,36652,2025
2607703,Itapetim,PE,14236,2025
2607752,Itapissuma,PE,29669,2025
2607802,Itaquitinga,PE,17142,2025
2607901,Jaboatão dos Guararapes,PE,684293,2025
2607950,Jaqueira,PE,10440,2025
2608008,Jataúba,PE,16328,2025
2608057,Jatobá,PE,14477,2025
2608107,João Alfredo,PE,28842,2025
2608206,Joaquim Nabuco,PE,13416,2025
2608255,Jucati,PE,12023,2025
2608305,Jupi,PE,16022,2025
2608404,Jurema,PE,14002,2025
2608453,Lagoa do Carro,PE,18804,2025
2608503,Lagoa de Itaenga,PE,19863,2025
2608602,Lagoa do Ouro,PE,12367,2025
2608701,Lagoa dos Gatos,PE,14333,2025
2608750,Lagoa Grande,PE,24951,2025
2608800,Lajedo,PE,41960,2025
2608909,Limoeiro,PE,59236,2025
2609006,Macaparana,PE,24642,2025
2609105,Machados,PE,11387,2025
2609154,Manari,PE,27046,2025
2609204,Maraial,PE,9322,2025
2609303,Mirandiba,PE,14605,2025
2609402,Moreno,PE,57654,2025
2609501,Nazaré da Mata,PE,32187,2025
2609600,Olinda,PE,364717,2025
2609709,Orobó,PE,22412,2025
2609808,Orocó,PE,14129,2025
2609907,Ouricuri,PE,68489,2025
2610004,Palmares,PE,56475,2025
2610103,Palmeirina,PE,7104,2025
2610202,Panelas,PE,23337,2025
2610301,Paranatama,PE,12778,2025
2610400,Parnamirim,PE,18960,2025
2610509,Passira,PE,29744,2025
2610608,Paudalho,PE,59924,2025
2610707,Paulista,PE,365144,2025
2610806,Pedra,PE,23671,2025
2610905,Pesqueira,PE,65481,2025
2611002,Petrolândia,PE,36104,2025
2611101,Petrolina,PE,418444,2025
2611200,Poção,PE,10792,2025
2611309,Pombos,PE,26942,2025
2611408,Primavera,PE,14380,2025
2611507,Quipapá,PE,17731,2025
2611533,Quixaba,PE,6753,2025
2611606,Recife,PE,1588376,2025
2611705,Riacho das Almas,PE,21490,2025
2611804,Ribeirão,PE,33843,2025
2611903,Rio Formoso,PE,20388,2025
2612000,Sairé,PE,11213,2025
2612109,Salgadinho,PE,5478,2025
2612208,Salgueiro,PE,65946,2025
2612307,Saloá,PE,14125,2025
2612406,Sanharó,PE,18812,2025
2612455,Santa Cruz,PE,14342,2025
2612471,Santa Cruz da Baixa Verde,PE,11934,2025
2612505,Santa Cruz do Capibaribe,PE,104854,2025
2612554,Santa Filomena,PE,12360,2025
2612604,Santa Maria da Boa Vista,PE,42782,2025
2612703,Santa Maria do Cambucá,PE,14586,2025
2612802,Santa Terezinha,PE,10487,2025
2612901,São Benedito do Sul,PE,13456,2025
2613008,São Bento do Una,PE,51165,2025
2613107,São Caitano,PE,39243,2025
2613206,São João,PE,24895,2025
2613305,São Joaquim do Monte,PE,20438,2025
2613404,São José da Coroa Grande,PE,19511,2025
2613503,São José do Belmonte,PE,36890,2025
2613602,São José do Egito,PE,32508,2025
2613701,São Lourenço da Mata,PE,118258,2025
2613800,São Vicente Férrer,PE,17177,2025
2613909,Serra Talhada,PE,98816,2025
2614006,Serrita,PE,18764,2025
2614105,Sertânia,PE,34271,2025
2614204,Sirinhaém,PE,39171,2025
2614303,Moreilândia,PE,10839,2025
2614402,Solidão,PE,5386,2025
2614501,Surubim,PE,67821,2025
2614600,Tabira,PE,29180,2025
2614709,Tacaimbó,PE,14330,2025
2614808,Tacaratu,PE,24898,2025
2614857,Tamandaré,PE,24670,2025
2615003,Taquaritinga do Norte,PE,25511,2025
2615102,Terezinha,PE,6853,2025
2615201,Terra Nova,PE,9231,2025
2615300,Timbaúba,PE,47312,2025
2615409,Toritama,PE,43921,2025
2615508,Tracunhaém,PE,14439,2025
2615607,Trindade,PE,32257,2025
2615706,Triunfo,PE,15141,2025
2615805,Tupanatinga,PE,28141,2025
2615904,Tuparetama,PE,8261,2025
2616001,Venturosa,PE,17563,2025
2616100,Verdejante,PE,9483,2025
2616183,Vertente do Lério,PE,7776,2025
2616209,Vertentes,PE,23127,2025
2616308,Vicência,PE,27151,2025
2616407,Vitória de Santo Antão,PE,144243,2025
2616506,Xexéu,PE,11699,2025
2700102,Água Branca,AL,19550,2025
2700201,Anadia,AL,14167,2025
2700300,Arapiraca,AL,243906,2025
2700409,Atalaia,AL,38480,2025
2700508,Barra de Santo Antônio,AL,16756,2025
2700607,Barra de São Miguel,AL,8123,2025
2700706,Batalha,AL,17103,2025
2700805,Belém,AL,4819,2025
2700904,Belo Monte,AL,5895,2025
2701001,Boca da Mata,AL,21479,2025
2701100,Branquinha,AL,9779,2025
2701209,Cacimbinhas,AL,10705,2025
2701308,Cajueiro,AL,16572,2025
2701357,Campestre,AL,6808,2025
2701407,Campo Alegre,AL,32558,2025
2701506,Campo Grande,AL,8285,2025
2701605,Canapi,AL,15730,2025
2701704,Capela,AL,15051,2025
2701803,Carneiros,AL,9206,2025
2701902,Chã Preta,AL,6000,2025
2702009,Coité do Nóia,AL,11036,2025
2702108,Colônia Leopoldina,AL,15915,2025
2702207,Coqueiro Seco,AL,5701,2025
2702306,Coruripe,AL,51784,2025
2702355,Craíbas,AL,26144,2025
2702405,Delmiro Gouveia,AL,52845,2025
2702504,Dois Riachos,AL,9898,2025
2702553,Estrela de Alagoas,AL,15688,2025
2702603,Feira Grande,AL,23204,2025
2702702,Feliz Deserto,AL,4035,2025
2702801,Flexeiras,AL,9745,2025
2702900,Girau do Ponciano,AL,37337,2025
2703007,Ibateguara,AL,13982,2025
2703106,Igaci,AL,24445,2025
2703205,Igreja Nova,AL,22113,2025
2703304,Inhapi,AL,15396,2025
2703403,Jacaré dos Homens,AL,5180,2025
2703502,Jacuípe,AL,5419,2025
2703601,Japaratinga,AL,9457,2025
2703700,Jaramataia,AL,5069,2025
2703759,Jequiá da Praia,AL,9607,2025
2703809,Joaquim Gomes,AL,17342,2025
2703908,Jundiá,AL,4175,2025
2704005,Junqueiro,AL,24382,2025
2704104,Lagoa da Canoa,AL,18836,2025
2704203,Limoeiro de Anadia,AL,25184,2025
2704302,Maceió,AL,994952,2025
2704401,Major Isidoro,AL,17828,2025
2704500,Maragogi,AL,33269,2025
2704609,Maravilha,AL,9709,2025
2704708,Marechal Deodoro,AL,62477,2025
2704807,Maribondo,AL,13970,2025
2704906,Mar Vermelho,AL,3208,2025
2705002,Mata Grande,AL,22126,2025
2705101,Matriz de Camaragibe,AL,24331,2025
2705200,Messias,AL,15706,2025
2705309,Minador do Negrão,AL,4935,2025
2705408,Monteirópolis,AL,7344,2025
2705507,Murici,AL,25926,2025
2705606,Novo Lino,AL,10285,2025
2705705,Olho d'Água das Flores,AL,21135,2025
2705804,Olho d'Água do Casado,AL,8522,2025
2705903,Olho d'Água Grande,AL,4381,2025
2706000,Olivença,AL,11047,2025
2706109,Ouro Branco,AL,11706,2025
2706208,Palestina,AL,4408,2025
2706307,Palmeira dos Índios,AL,73621,2025
2706406,Pão de Açúcar,AL,24291,2025
2706422,Pariconha,AL,10807,2025
2706448,Paripueira,AL,14199,2025
2706505,Passo de Camaragibe,AL,14070,2025
2706604,Paulo Jacinto,AL,6691,2025
2706703,Penedo,AL,60185,2025
2706802,Piaçabuçu,AL,16192,2025
2706901,Pilar,AL,36525,2025
2707008,Pindoba,AL,2786,2025
2707107,Piranhas,AL,23053,2025
2707206,Poço das Trincheiras,AL,12965,2025
2707305,Porto Calvo,AL,24509,2025
2707404,Porto de Pedras,AL,9517,2025
2707503,Porto Real do Colégio,AL,20273,2025
2707602,Quebrangulo,AL,11303,2025
2707701,Rio Largo,AL,97658,2025
2707800,Roteiro,AL,6606,2025
2707909,Santa Luzia do Norte,AL,7066,2025
2708006,Santana do Ipanema,AL,47418,2025
2708105,Santana do Mundaú,AL,11572,2025
2708204,São Brás,AL,6557,2025
2708303,São José da Laje,AL,21180,2025
2708402,São José da Tapera,AL,31569,2025
2708501,São Luís do Quitunde,AL,31785,2025
2708600,São Miguel dos Campos,AL,53380,2025
2708709,São Miguel dos Milagres,AL,8700,2025
2708808,São Sebastião,AL,32707,2025
2708907,Satuba,AL,25105,2025
2708956,Senador Rui Palmeira,AL,12545,2025
2709004,Tanque d'Arca,AL,5906,2025
2709103,Taquarana,AL,19428,2025
2709152,Teotônio Vilela,AL,39143,2025
2709202,Traipu,AL,24106,2025
2709301,União dos Palmares,AL,60860,2025
2709400,Viçosa,AL,24414,2025
2800100,Amparo do São Francisco,SE,2202,2025
2800209,Aquidabã,SE,20556,2025
2800308,Aracaju,SE,630932,2025
2800407,Arauá,SE,10464,2025
2800506,Areia Branca,SE,18626,2025
2800605,Barra dos Coqueiros,SE,45175,2025
2800670,Boquim,SE,25007,2025
2800704,Brejo Grande,SE,8025,2025
2801009,Campo do Brito,SE,18719,2025
2801108,Canhoba,SE,3850,2025
2801207,Canindé de São Francisco,SE,33641,2025
2801306,Capela,SE,32783,2025
2801405,Carira,SE,20314,2025
2801504,Carmópolis,SE,14203,2025
2801603,Cedro de São João,SE,5474,2025
2801702,Cristinápolis,SE,17594,2025
2801900,Cumbe,SE,3872,2025
2802007,Divina Pastora,SE,4436,2025
2802106,Estância,SE,67060,2025
2802205,Feira Nova,SE,6358,2025
2802304,Frei Paulo,SE,14921,2025
2802403,Gararu,SE,11294,2025
2802502,General Maynard,SE,3118,2025
2802601,Graccho Cardoso,SE,5910,2025
2802700,Ilha das Flores,SE,8499,2025
2802809,Indiaroba,SE,16991,2025
2802908,Itabaiana,SE,109250,2025
2803005,Itabaianinha,SE,42230,2025
2803104,Itabi,SE,4816,2025
2803203,Itaporanga d'Ajuda,SE,36074,2025
2803302,Japaratuba,SE,16451,2025
2803401,Japoatã,SE,13723,2025
2803500,Lagarto,SE,105957,2025
2803609,Laranjeiras,SE,24047,2025
2803708,Macambira,SE,7048,2025
2803807,Malhada dos Bois,SE,3674,2025
2803906,Malhador,SE,11712,2025
2804003,Maruim,SE,15956,2025
2804102,Moita Bonita,SE,11297,2025
2804201,Monte Alegre de Sergipe,SE,14781,2025
2804300,Muribeca,SE,8059,2025
2804409,Neópolis,SE,16473,2025
2804458,Nossa Senhora Aparecida,SE,9534,2025
2804508,Nossa Senhora da Glória,SE,43686,2025
2804607,Nossa Senhora das Dores,SE,25569,2025
2804706,Nossa Senhora de Lourdes,SE,6409,2025
2804805,Nossa Senhora do Socorro,SE,204081,2025
2804904,Pacatuba,SE,12690,2025
2805000,Pedra Mole,SE,2811,2025
2805109,Pedrinhas,SE,7355,2025
2805208,Pinhão,SE,5759,2025
2805307,Pirambu,SE,8021,2025
2805406,Poço Redondo,SE,29238,2025
2805505,Poço Verde,SE,22217,2025
2805604,Porto da Folha,SE,27348,2025
2805703,Propriá,SE,27213,2025
2805802,Riachão do Dantas,SE,18541,2025
2805901,Riachuelo,SE,8853,2025
2806008,Ribeirópolis,SE,17365,2025
2806107,Rosário do Catete,SE,9507,2025
2806206,Salgado,SE,20825,2025
2806305,Santa Luzia do Itanhy,SE,14003,2025
2806404,Santana do São Francisco,SE,7549,2025
2806503,Santa Rosa de Lima,SE,4049,2025
2806602,Santo Amaro das Brotas,SE,11289,2025
2806701,São Cristóvão,SE,101213,2025
2806800,São Domingos,SE,10559,2025
2806909,São Francisco,SE,3330,2025
2807006,São Miguel do Aleixo,SE,3471,2025
2807105,Simão Dias,SE,44503,2025
2807204,Siriri,SE,7981,2025
2807303,Telha,SE,3389,2025
2807402,Tobias Barreto,SE,52783,2025
2807501,Tomar do Geru,SE,12094,2025
2807600,Umbaúba,SE,24618,2025
2900108,Abaíra,BA,7407,2025
2900207,Abaré,BA,18269,2025
2900306,Acajutiba,BA,14200,2025
2900355,Adustina,BA,14510,2025
2900405,Água Fria,BA,14833,2025
2900504,Érico Cardoso,BA,10947,2025
2900603,Aiquara,BA,4583,2025
2900702,Alagoinhas,BA,161196,2025
2900801,Alcobaça,BA,25601,2025
2900900,Almadina,BA,5296,2025
2901007,Amargosa,BA,38585,2025
2901106,Amélia Rodrigues,BA,24830,2025
2901155,América Dourada,BA,15572,2025
2901205,Anagé,BA,26745,2025
2901304,Andaraí,BA,13545,2025
2901353,Andorinha,BA,15491,2025
2901403,Angical,BA,14178,2025
2901502,Anguera,BA,11490,2025
2901601,Antas,BA,14984,2025
2901700,Antônio Cardoso,BA,11498,2025
2901809,Antônio Gonçalves,BA,11248,2025
2901908,Aporá,BA,16361,2025
2901957,Apuarema,BA,7101,2025
2902005,Aracatu,BA,14440,2025
2902054,Araçás,BA,11953,2025
2902104,Araci,BA,50308,2025
2902203,Aramari,BA,10106,2025
2902252,Arataca,BA,10433,2025
2902302,Aratuípe,BA,8993,2025
2902401,Aurelino Leal,BA,11339,2025
2902500,Baianópolis,BA,14138,2025
2902609,Baixa Grande,BA,18628,2025
2902658,Banzaê,BA,12288,2025
2902708,Barra,BA,53642,2025
2902807,Barra da Estiva,BA,27743,2025
2902906,Barra do Choça,BA,38581,2025
2903003,Barra do Mendes,BA,14376,2025
2903102,Barra do Rocha,BA,5898,2025
2903201,Barreiras,BA,171634,2025
2903235,Barro Alto,BA,13922,2025
2903276,Barrocas,BA,15780,2025
2903300,Barro Preto,BA,5936,2025
2903409,Belmonte,BA,20527,2025
2903508,Belo Campo,BA,19074,2025
2903607,Biritinga,BA,15603,2025
2903706,Boa Nova,BA,14008,2025
2903805,Boa Vista do Tupim,BA,17262,2025
2903904,Bom Jesus da Lapa,BA,68866,2025
2903953,Bom Jesus da Serra,BA,10018,2025
2904001,Boninal,BA,14125,2025
2904050,Bonito,BA,16425,2025
2904100,Boquira,BA,19782,2025
2904209,Botuporã,BA,11427,2025
2904308,Brejões,BA,13224,2025
2904407,Brejolândia,BA,9363,2025
2904506,Brotas de Macaúbas,BA,12180,2025
2904605,Brumado,BA,74368,2025
2904704,Buerarema,BA,14950,2025
2904753,Buritirama,BA,20221,2025
2904803,Caatiba,BA,6128,2025
2904852,Cabaceiras do Paraguaçu,BA,17024,2025
2904902,Cachoeira,BA,30498,2025
2905008,Caculé,BA,23293,2025
2905107,Caém,BA,10733,2025
2905156,Caetanos,BA,11432,2025
2905206,Caetité,BA,54730,2025
2905305,Cafarnaum,BA,18057,2025
2905404,Cairu,BA,18578,2025
2905503,Caldeirão Grande,BA,13597,2025
2905602,Camacan,BA,22485,2025
2905701,Camaçari,BA,321636,2025
2905800,Camamu,BA,31694,2025
2905909,Campo Alegre de Lourdes,BA,32500,2025
2906006,Campo Formoso,BA,75112,2025
2906105,Canápolis,BA,10641,2025
2906204,Canarana,BA,25007,2025
2906303,Canavieiras,BA,34392,2025
2906402,Candeal,BA,7940,2025
2906501,Candeias,BA,74854,2025
2906600,Candiba,BA,13417,2025
2906709,Cândido Sales,BA,26469,2025
2906808,Cansanção,BA,39725,2025
2906824,Canudos,BA,16693,2025
2906857,Capela do Alto Alegre,BA,11035,2025
2906873,Capim Grosso,BA,35437,2025
2906899,Caraíbas,BA,10259,2025
2906907,Caravelas,BA,21384,2025
2907004,Cardeal da Silva,BA,8633,2025
2907103,Carinhanha,BA,30439,2025
2907202,Casa Nova,BA,76131,2025
2907301,Castro Alves,BA,25470,2025
2907400,Catolândia,BA,3567,2025
2907509,Catu,BA,50109,2025
2907558,Caturama,BA,9108,2025
2907608,Central,BA,16847,2025
2907707,Chorrochó,BA,10933,2025
2907806,Cícero Dantas,BA,32292,2025
2907905,Cipó,BA,17875,2025
2908002,Coaraci,BA,17557,2025
2908101,Cocos,BA,19865,2025
2908200,Conceição da Feira,BA,21529,2025
2908309,Conceição do Almeida,BA,16134,2025
2908408,Conceição do Coité,BA,71601,2025
2908507,Conceição do Jacuípe,BA,37622,2025
2908606,Conde,BA,24460,2025
2908705,Condeúba,BA,17567,2025
2908804,Contendas do Sincorá,BA,4499,2025
2908903,Coração de Maria,BA,28408,2025
2909000,Cordeiros,BA,7748,2025
2909109,Coribe,BA,14463,2025
2909208,Coronel João Sá,BA,17598,2025
2909307,Correntina,BA,34266,2025
2909406,Cotegipe,BA,13463,2025
2909505,Cravolândia,BA,4491,2025
2909604,Crisópolis,BA,20346,2025
2909703,Cristópolis,BA,14549,2025
2909802,Cruz das Almas,BA,63326,2025
2909901,Curaçá,BA,36127,2025
2910008,Dário Meira,BA,11054,2025
2910057,Dias d'Ávila,BA,75296,2025
2910107,Dom Basílio,BA,12329,2025
2910206,Dom Macedo Costa,BA,4608,2025
2910305,Elísio Medrado,BA,8069,2025
2910404,Encruzilhada,BA,19450,2025
2910503,Entre Rios,BA,39890,2025
2910602,Esplanada,BA,34163,2025
2910701,Euclides da Cunha,BA,64768,2025
2910727,Eunápolis,BA,121067,2025
2910750,Fátima,BA,18480,2025
2910776,Feira da Mata,BA,5831,2025
2910800,Feira de Santana,BA,660806,2025
2910859,Filadélfia,BA,18637,2025
2910909,Firmino Alves,BA,4993,2025
2911006,Floresta Azul,BA,11455,2025
2911105,Formosa do Rio Preto,BA,27567,2025
2911204,Gandu,BA,34051,2025
2911253,Gavião,BA,4489,2025
2911303,Gentio do Ouro,BA,11276,2025
2911402,Glória,BA,16107,2025
2911501,Gongogi,BA,5479,2025
2911600,Governador Mangabeira,BA,21353,2025
2911659,Guajeru,BA,8177,2025
2911709,Guanambi,BA,93488,2025
2911808,Guaratinga,BA,19413,2025
2911857,Heliópolis,BA,13055,2025
2911907,Iaçu,BA,25315,2025
2912004,Ibiassucê,BA,10746,2025
2912103,Ibicaraí,BA,22131,2025
2912202,Ibicoara,BA,21827,2025
2912301,Ibicuí,BA,14264,2025
2912400,Ibipeba,BA,17134,2025
2912509,Ibipitanga,BA,14317,2025
2912608,Ibiquera,BA,3833,2025
2912707,Ibirapitanga,BA,26917,2025
2912806,Ibirapuã,BA,9297,2025
2912905,Ibirataia,BA,19377,2025
2913002,Ibitiara,BA,15049,2025
2913101,Ibititá,BA,17517,2025
2913200,Ibotirama,BA,27723,2025
2913309,Ichu,BA,6428,2025
2913408,Igaporã,BA,16069,2025
2913457,Igrapiúna,BA,13501,2025
2913507,Iguaí,BA,21763,2025
2913606,Ilhéus,BA,189149,2025
2913705,Inhambupe,BA,35390,2025
2913804,Ipecaetá,BA,14016,2025
2913903,Ipiaú,BA,42429,2025
2914000,Ipirá,BA,59222,2025
2914109,Ipupiara,BA,10349,2025
2914208,Irajuba,BA,6232,2025
2914307,Iramaia,BA,11038,2025
2914406,Iraquara,BA,24833,2025
2914505,Irará,BA,29572,2025
2914604,Irecê,BA,78781,2025
2914653,Itabela,BA,29588,2025
2914703,Itaberaba,BA,68425,2025
2914802,Itabuna,BA,196344,2025
2914901,Itacaré,BA,29496,2025
2915007,Itaeté,BA,13775,2025
2915106,Itagi,BA,14347,2025
2915205,Itagibá,BA,15796,2025
2915304,Itagimirim,BA,6490,2025
2915353,Itaguaçu da Bahia,BA,12669,2025
2915403,Itaju do Colônia,BA,6118,2025
2915502,Itajuípe,BA,19191,2025
2915601,Itamaraju,BA,61999,2025
2915700,Itamari,BA,7187,2025
2915809,Itambé,BA,25088,2025
2915908,Itanagra,BA,6078,2025
2916005,Itanhém,BA,18203,2025
2916104,Itaparica,BA,20353,2025
2916203,Itapé,BA,10649,2025
2916302,Itapebi,BA,9464,2025
2916401,Itapetinga,BA,68724,2025
2916500,Itapicuru,BA,33284,2025
2916609,Itapitanga,BA,10640,2025
2916708,Itaquara,BA,8464,2025
2916807,Itarantim,BA,17485,2025
2916856,Itatim,BA,16454,2025
2916906,Itiruçu,BA,11211,2025
2917003,Itiúba,BA,35490,2025
2917102,Itororó,BA,16849,2025
2917201,Ituaçu,BA,18506,2025
2917300,Ituberá,BA,22154,2025
2917334,Iuiu,BA,11559,2025
2917359,Jaborandi,BA,9600,2025
2917409,Jacaraci,BA,14910,2025
2917508,Jacobina,BA,86896,2025
2917607,Jaguaquara,BA,47624,2025
2917706,Jaguarari,BA,34528,2025
2917805,Jaguaripe,BA,18349,2025
2917904,Jandaíra,BA,9508,2025
2918001,Jequié,BA,169201,2025
2918100,Jeremoabo,BA,39539,2025
2918209,Jiquiriçá,BA,14063,2025
2918308,Jitaúna,BA,14824,2025
2918357,João Dourado,BA,25892,2025
2918407,Juazeiro,BA,256122,2025
2918456,Jucuruçu,BA,9930,2025
2918506,Jussara,BA,17007,2025
2918555,Jussari,BA,6048,2025
2918605,Jussiape,BA,7567,2025
2918704,Lafaiete Coutinho,BA,4228,2025
2918753,Lagoa Real,BA,14550,2025
2918803,Laje,BA,21705,2025
2918902,Lajedão,BA,3994,2025
2919009,Lajedinho,BA,3610,2025
2919058,Lajedo do Tabocal,BA,7683,2025
2919108,Lamarão,BA,9303,2025
2919157,Lapão,BA,27014,2025
2919207,Lauro de Freitas,BA,219564,2025
2919306,Lençóis,BA,11194,2025
2919405,Licínio de Almeida,BA,12202,2025
2919504,Livramento de Nossa Senhora,BA,46376,2025
2919553,Luís Eduardo Magalhães,BA,118382,2025
2919603,Macajuba,BA,10740,2025
2919702,Macarani,BA,22768,2025
2919801,Macaúbas,BA,43653,2025
2919900,Macururé,BA,7435,2025
2919926,Madre de Deus,BA,19224,2025
2919959,Maetinga,BA,7218,2025
2920007,Maiquinique,BA,9009,2025
2920106,Mairi,BA,18130,2025
2920205,Malhada,BA,15814,2025
2920304,Malhada de Pedras,BA,8982,2025
2920403,Manoel Vitorino,BA,14287,2025
2920452,Mansidão,BA,14542,2025
2920502,Maracás,BA,29330,2025
2920601,Maragogipe,BA,37041,2025
2920700,Maraú,BA,25804,2025
2920809,Marcionílio Souza,BA,9475,2025
2920908,Mascote,BA,13918,2025
2921005,Mata de São João,BA,44962,2025
2921054,Matina,BA,10611,2025
2921104,Medeiros Neto,BA,22801,2025
2921203,Miguel Calmon,BA,25263,2025
2921302,Milagres,BA,11436,2025
2921401,Mirangaba,BA,16167,2025
2921450,Mirante,BA,10526,2025
2921500,Monte Santo,BA,49807,2025
2921609,Morpará,BA,8220,2025
2921708,Morro do Chapéu,BA,35235,2025
2921807,Mortugaba,BA,11477,2025
2921906,Mucugê,BA,12712,2025
2922003,Mucuri,BA,40114,2025
2922052,Mulungu do Morro,BA,13648,2025
2922102,Mundo Novo,BA,17197,2025
2922201,Muniz Ferreira,BA,7453,2025
2922250,Muquém do São Francisco,BA,10803,2025
2922300,Muritiba,BA,30180,2025
2922409,Mutuípe,BA,20590,2025
2922508,Nazaré,BA,28427,2025
2922607,Nilo Peçanha,BA,12399,2025
2922656,Nordestina,BA,19711,2025
2922706,Nova Canaã,BA,13970,2025
2922730,Nova Fátima,BA,8283,2025
2922755,Nova Ibiá,BA,6696,2025
2922805,Nova Itarana,BA,8073,2025
2922854,Nova Redenção,BA,7670,2025
2922904,Nova Soure,BA,24865,2025
2923001,Nova Viçosa,BA,41629,2025
2923035,Novo Horizonte,BA,11586,2025
2923050,Novo Triunfo,BA,11060,2025
2923100,Olindina,BA,22956,2025
2923209,Oliveira dos Brejinhos,BA,21323,2025
2923308,Ouriçangas,BA,7925,2025
2923357,Ourolândia,BA,20141,2025
2923407,Palmas de Monte Alto,BA,20666,2025
2923506,Palmeiras,BA,10894,2025
2923605,Paramirim,BA,21025,2025
2923704,Paratinga,BA,30680,2025
2923803,Paripiranga,BA,27860,2025
2923902,Pau Brasil,BA,9537,2025
2924009,Paulo Afonso,BA,119418,2025
2924058,Pé de Serra,BA,13677,2025
2924108,Pedrão,BA,6403,2025
2924207,Pedro Alexandre,BA,14226,2025
2924306,Piatã,BA,20938,2025
2924405,Pilão Arcado,BA,37388,2025
2924504,Pindaí,BA,15125,2025
2924603,Pindobaçu,BA,19601,2025
2924652,Pintadas,BA,10654,2025
2924678,Piraí do Norte,BA,11481,2025
2924702,Piripá,BA,9143,2025
2924801,Piritiba,BA,17697,2025
2924900,Planaltino,BA,8239,2025
2925006,Planalto,BA,24026,2025
2925105,Poções,BA,50773,2025
2925204,Pojuca,BA,33573,2025
2925253,Ponto Novo,BA,18763,2025
2925303,Porto Seguro,BA,182630,2025
2925402,Potiraguá,BA,10651,2025
2925501,Prado,BA,37533,2025
2925600,Presidente Dutra,BA,15677,2025
2925709,Presidente Jânio Quadros,BA,12963,2025
2925758,Presidente Tancredo Neves,BA,29489,2025
2925808,Queimadas,BA,27429,2025
2925907,Quijingue,BA,26443,2025
2925931,Quixabeira,BA,9839,2025
2925956,Rafael Jambeiro,BA,20081,2025
2926004,Remanso,BA,42855,2025
2926103,Retirolândia,BA,14174,2025
2926202,Riachão das Neves,BA,22329,2025
2926301,Riachão do Jacuípe,BA,35188,2025
2926400,Riacho de Santana,BA,32060,2025
2926509,Ribeira do Amparo,BA,14528,2025
2926608,Ribeira do Pombal,BA,56316,2025
2926657,Ribeirão do Largo,BA,10029,2025
2926707,Rio de Contas,BA,13634,2025
2926806,Rio do Antônio,BA,13495,2025
2926905,Rio do Pires,BA,10781,2025
2927002,Rio Real,BA,36966,2025
2927101,Rodelas,BA,10884,2025
2927200,Ruy Barbosa,BA,29590,2025
2927309,Salinas da Margarida,BA,15629,2025
2927408,Salvador,BA,2564204,2025
2927507,Santa Bárbara,BA,21787,2025
2927606,Santa Brígida,BA,15417,2025
2927705,Santa Cruz Cabrália,BA,31007,2025
2927804,Santa Cruz da Vitória,BA,4663,2025
2927903,Santa Inês,BA,10625,2025
2928000,Santaluz,BA,40066,2025
2928059,Santa Luzia,BA,14392,2025
2928109,Santa Maria da Vitória,BA,40474,2025
2928208,Santana,BA,25521,2025
2928307,Santanópolis,BA,9035,2025
2928406,Santa Rita de Cássia,BA,28890,2025
2928505,Santa Terezinha,BA,10882,2025
2928604,Santo Amaro,BA,58398,2025
2928703,Santo Antônio de Jesus,BA,109791,2025
2928802,Santo Estêvão,BA,55146,2025
2928901,São Desidério,BA,34982,2025
2928950,São Domingos,BA,8690,2025
2929008,São Félix,BA,11102,2025
2929057,São Félix do Coribe,BA,15780,2025
2929107,São Felipe,BA,20923,2025
2929206,São Francisco do Conde,BA,41110,2025
2929255,São Gabriel,BA,19229,2025
2929305,São Gonçalo dos Campos,BA,42171,2025
2929354,São José da Vitória,BA,5432,2025
2929370,São José do Jacuípe,BA,10576,2025
2929404,São Miguel das Matas,BA,10615,2025
2929503,São Sebastião do Passé,BA,42944,2025
2929602,Sapeaçu,BA,18656,2025
2929701,Sátiro Dias,BA,16476,2025
2929750,Saubara,BA,11859,2025
2929800,Saúde,BA,10661,2025
2929909,Seabra,BA,48721,2025
2930006,Sebastião Laranjeiras,BA,9581,2025
2930105,Senhor do Bonfim,BA,78090,2025
2930154,Serra do Ramalho,BA,36252,2025
2930204,Sento Sé,BA,40232,2025
2930303,Serra Dourada,BA,17574,2025
2930402,Serra Preta,BA,18754,2025
2930501,Serrinha,BA,84690,2025
2930600,Serrolândia,BA,13863,2025
2930709,Simões Filho,BA,120419,2025
2930758,Sítio do Mato,BA,13982,2025
2930766,Sítio do Quinto,BA,14435,2025
2930774,Sobradinho,BA,27097,2025
2930808,Souto Soares,BA,17724,2025
2930907,Tabocas do Brejo Velho,BA,12368,2025
2931004,Tanhaçu,BA,21787,2025
2931053,Tanque Novo,BA,17812,2025
2931103,Tanquinho,BA,7991,2025
2931202,Taperoá,BA,18556,2025
2931301,Tapiramutá,BA,16226,2025
2931350,Teixeira de Freitas,BA,153738,2025
2931400,Teodoro Sampaio,BA,7280,2025
2931509,Teofilândia,BA,21825,2025
2931608,Teolândia,BA,15978,2025
2931707,Terra Nova,BA,10976,2025
2931806,Tremedal,BA,16646,2025
2931905,Tucano,BA,51016,2025
2932002,Uauá,BA,25449,2025
2932101,Ubaíra,BA,19142,2025
2932200,Ubaitaba,BA,17878,2025
2932309,Ubatã,BA,15839,2025
2932408,Uibaí,BA,13886,2025
2932457,Umburanas,BA,13785,2025
2932507,Una,BA,18254,2025
2932606,Urandi,BA,15776,2025
2932705,Uruçuca,BA,22155,2025
2932804,Utinga,BA,16645,2025
2932903,Valença,BA,90053,2025
2933000,Valente,BA,25132,2025
2933059,Várzea da Roça,BA,14294,2025
2933109,Várzea do Poço,BA,8334,2025
2933158,Várzea Nova,BA,13866,2025
2933174,Varzedo,BA,10328,2025
2933208,Vera Cruz,BA,45191,2025
2933257,Vereda,BA,6157,2025
2933307,Vitória da Conquista,BA,396613,2025
2933406,Wagner,BA,9866,2025
2933455,Wanderley,BA,13460,2025
2933505,Wenceslau Guimarães,BA,25535,2025
2933604,Xique-Xique,BA,47019,2025
3100104,Abadia dos Dourados,MG,6345,2025
3100203,Abaeté,MG,23173,2025
3100302,Abre Campo,MG,14354,2025
3100401,Acaiaca,MG,3998,2025
3100500,Açucena,MG,8926,2025
3100609,Água Boa,MG,12391,2025
3100708,Água Comprida,MG,2171,2025
3100807,Aguanil,MG,4509,2025
3100906,Águas Formosas,MG,18850,2025
3101003,Águas Vermelhas,MG,14567,2025
3101102,Aimorés,MG,26212,2025
3101201,Aiuruoca,MG,6389,2025
3101300,Alagoa,MG,2820,2025
3101409,Albertina,MG,3027,2025
3101508,Além Paraíba,MG,31159,2025
3101607,Alfenas,MG,82303,2025
3101631,Alfredo Vasconcelos,MG,7236,2025
3101706,Almenara,MG,42019,2025
3101805,Alpercata,MG,7019,2025
3101904,Alpinópolis,MG,18673,2025
3102001,Alterosa,MG,14272,2025
3102050,Alto Caparaó,MG,6014,2025
3102100,Alto Rio Doce,MG,10931,2025
3102209,Alvarenga,MG,3983,2025
3102308,Alvinópolis,MG,15358,2025
3102407,Alvorada de Minas,MG,4359,2025
3102506,Amparo do Serra,MG,4574,2025
3102605,Andradas,MG,42501,2025
3102704,Cachoeira de Pajeú,MG,9347,2025
3102803,Andrelândia,MG,12163,2025
3102852,Angelândia,MG,7849,2025
3102902,Antônio Carlos,MG,11350,2025
3103009,Antônio Dias,MG,9375,2025
3103108,Antônio Prado de Minas,MG,1552,2025
3103207,Araçaí,MG,2222,2025
3103306,Aracitaba,MG,2095,2025
3103405,Araçuaí,MG,35185,2025
3103504,Araguari,MG,123432,2025
3103603,Arantina,MG,2998,2025
3103702,Araponga,MG,8218,2025
3103751,Araporã,MG,9069,2025
3103801,Arapuá,MG,2668,2025
3103900,Araújos,MG,9634,2025
3104007,Araxá,MG,118786,2025
3104106,Arceburgo,MG,9335,2025
3104205,Arcos,MG,43653,2025
3104304,Areado,MG,14229,2025
3104403,Argirita,MG,2715,2025
3104452,Aricanduva,MG,4820,2025
3104502,Arinos,MG,17586,2025
3104601,Astolfo Dutra,MG,14633,2025
3104700,Ataléia,MG,13936,2025
3104809,Augusto de Lima,MG,4572,2025
3104908,Baependi,MG,18782,2025
3105004,Baldim,MG,7595,2025
3105103,Bambuí,MG,24203,2025
3105202,Bandeira,MG,4811,2025
3105301,Bandeira do Sul,MG,6183,2025
3105400,Barão de Cocais,MG,32264,2025
3105509,Barão do Monte Alto,MG,4952,2025
3105608,Barbacena,MG,129695,2025
3105707,Barra Longa,MG,5717,2025
3105905,Barroso,MG,20604,2025
3106002,Bela Vista de Minas,MG,10427,2025
3106101,Belmiro Braga,MG,3292,2025
3106200,Belo Horizonte,MG,2415872,2025
3106309,Belo Oriente,MG,24546,2025
3106408,Belo Vale,MG,9012,2025
3106507,Berilo,MG,9638,2025
3106606,Bertópolis,MG,4546,2025
3106655,Berizal,MG,4270,2025
3106705,Betim,MG,431433,2025
3106804,Bias Fortes,MG,3367,2025
3106903,Bicas,MG,14358,2025
3107000,Biquinhas,MG,2397,2025
3107109,Boa Esperança,MG,41443,2025
3107208,Bocaina de Minas,MG,5530,2025
3107307,Bocaiúva,MG,49797,2025
3107406,Bom Despacho,MG,54377,2025
3107505,Bom Jardim de Minas,MG,6988,2025
3107604,Bom Jesus da Penha,MG,4677,2025
3107703,Bom Jesus do Amparo,MG,5786,2025
3107802,Bom Jesus do Galho,MG,14719,2025
3107901,Bom Repouso,MG,13312,2025
3108008,Bom Sucesso,MG,17515,2025
3108107,Bonfim,MG,7710,2025
3108206,Bonfinópolis de Minas,MG,5600,2025
3108255,Bonito de Minas,MG,10525,2025
3108305,Borda da Mata,MG,17837,2025
3108404,Botelhos,MG,15141,2025
3108503,Botumirim,MG,5806,2025
3108552,Brasilândia de Minas,MG,15485,2025
3108602,Brasília de Minas,MG,33262,2025
3108701,Brás Pires,MG,4296,2025
3108800,Braúnas,MG,4445,2025
3108909,Brazópolis,MG,14491,2025
3109006,Brumadinho,MG,41090,2025
3109105,Bueno Brandão,MG,11168,2025
3109204,Buenópolis,MG,9171,2025
3109253,Bugre,MG,4159,2025
3109303,Buritis,MG,24779,2025
3109402,Buritizeiro,MG,23908,2025
3109451,Cabeceira Grande,MG,6811,2025
3109501,Cabo Verde,MG,11269,2025
3109600,Cachoeira da Prata,MG,3785,2025
3109709,Cachoeira de Minas,MG,12302,2025
3109808,Cachoeira Dourada,MG,2337,2025
3109907,Caetanópolis,MG,11906,2025
3110004,Caeté,MG,39775,2025
3110103,Caiana,MG,5484,2025
3110202,Cajuri,MG,4191,2025
3110301,Caldas,MG,14628,2025
3110400,Camacho,MG,2851,2025
3110509,Camanducaia,MG,27860,2025
3110608,Cambuí,MG,31066,2025
3110707,Cambuquira,MG,12551,2025
3110806,Campanário,MG,2884,2025
3110905,Campanha,MG,16372,2025
3111002,Campestre,MG,21155,2025
3111101,Campina Verde,MG,18188,2025
3111150,Campo Azul,MG,3806,2025
3111200,Campo Belo,MG,54027,2025
3111309,Campo do Meio,MG,11625,2025
3111408,Campo Florido,MG,8931,2025
3111507,Campos Altos,MG,13076,2025
3111606,Campos Gerais,MG,26749,2025
3111705,Canaã,MG,4839,2025
3111804,Canápolis,MG,10716,2025
3111903,Cana Verde,MG,5342,2025
3112000,Candeias,MG,14211,2025
3112059,Cantagalo,MG,4029,2025
3112109,Caparaó,MG,5138,2025
3112208,Capela Nova,MG,4397,2025
3112307,Capelinha,MG,41858,2025
3112406,Capetinga,MG,6627,2025
3112505,Capim Branco,MG,11210,2025
3112604,Capinópolis,MG,14872,2025
3112653,Capitão Andrade,MG,4634,2025
3112703,Capitão Enéas,MG,14403,2025
3112802,Capitólio,MG,10991,2025
3112901,Caputira,MG,9128,2025
3113008,Caraí,MG,19511,2025
3113107,Caranaíba,MG,2942,2025
3113206,Carandaí,MG,24403,2025
3113305,Carangola,MG,32134,2025
3113404,Caratinga,MG,90890,2025
3113503,Carbonita,MG,8603,2025
3113602,Careaçu,MG,7062,2025
3113701,Carlos Chagas,MG,18783,2025
3113800,Carmésia,MG,2693,2025
3113909,Carmo da Cachoeira,MG,11767,2025
3114006,Carmo da Mata,MG,11291,2025
3114105,Carmo de Minas,MG,14125,2025
3114204,Carmo do Cajuru,MG,24581,2025
3114303,Carmo do Paranaíba,MG,29885,2025
3114402,Carmo do Rio Claro,MG,21506,2025
3114501,Carmópolis de Minas,MG,18561,2025
3114550,Carneirinho,MG,9633,2025
3114600,Carrancas,MG,4161,2025
3114709,Carvalhópolis,MG,3419,2025
3114808,Carvalhos,MG,4503,2025
3114907,Casa Grande,MG,2260,2025
3115003,Cascalho Rico,MG,2751,2025
3115102,Cássia,MG,17491,2025
3115201,Conceição da Barra de Minas,MG,3576,2025
3115300,Cataguases,MG,67732,2025
3115359,Catas Altas,MG,5706,2025
3115409,Catas Altas da Noruega,MG,3124,2025
3115458,Catuji,MG,7248,2025
3115474,Catuti,MG,4788,2025
3115508,Caxambu,MG,21412,2025
3115607,Cedro do Abaeté,MG,1084,2025
3115706,Central de Minas,MG,6213,2025
3115805,Centralina,MG,10447,2025
3115904,Chácara,MG,3194,2025
3116001,Chalé,MG,6289,2025
3116100,Chapada do Norte,MG,9763,2025
3116159,Chapada Gaúcha,MG,12904,2025
3116209,Chiador,MG,2868,2025
3116308,Cipotânea,MG,5549,2025
3116407,Claraval,MG,4786,2025
3116506,Claro dos Poções,MG,7230,2025
3116605,Cláudio,MG,31936,2025
3116704,Coimbra,MG,7293,2025
3116803,Coluna,MG,8206,2025
3116902,Comendador Gomes,MG,2804,2025
3117009,Comercinho,MG,6540,2025
3117108,Conceição da Aparecida,MG,10705,2025
3117207,Conceição das Pedras,MG,2840,2025
3117306,Conceição das Alagoas,MG,30278,2025
3117405,Conceição de Ipanema,MG,4503,2025
3117504,Conceição do Mato Dentro,MG,24559,2025
3117603,Conceição do Pará,MG,5584,2025
3117702,Conceição do Rio Verde,MG,12765,2025
3117801,Conceição dos Ouros,MG,11218,2025
3117836,Cônego Marinho,MG,7433,2025
3117876,Confins,MG,7758,2025
3117900,Congonhal,MG,11444,2025
3118007,Congonhas,MG,55272,2025
3118106,Congonhas do Norte,MG,4924,2025
3118205,Conquista,MG,6878,2025
3118304,Conselheiro Lafaiete,MG,138946,2025
3118403,Conselheiro Pena,MG,21052,2025
3118502,Consolação,MG,1569,2025
3118601,Contagem,MG,651718,2025
3118700,Coqueiral,MG,9188,2025
3118809,Coração de Jesus,MG,26138,2025
3118908,Cordisburgo,MG,7535,2025
3119005,Cordislândia,MG,3236,2025
3119104,Corinto,MG,23988,2025
3119203,Coroaci,MG,11240,2025
3119302,Coromandel,MG,30114,2025
3119401,Coronel Fabriciano,MG,108708,2025
3119500,Coronel Murta,MG,8237,2025
3119609,Coronel Pacheco,MG,2789,2025
3119708,Coronel Xavier Chaves,MG,3599,2025
3119807,Córrego Danta,MG,2956,2025
3119906,Córrego do Bom Jesus,MG,4462,2025
3119955,Córrego Fundo,MG,6333,2025
3120003,Córrego Novo,MG,2900,2025
3120102,Couto de Magalhães de Minas,MG,4351,2025
3120151,Crisólita,MG,5256,2025
3120201,Cristais,MG,12634,2025
3120300,Cristália,MG,5133,2025
3120409,Cristiano Otoni,MG,4719,2025
3120508,Cristina,MG,10643,2025
3120607,Crucilândia,MG,5674,2025
3120706,Cruzeiro da Fortaleza,MG,3616,2025
3120805,Cruzília,MG,15831,2025
3120839,Cuparaque,MG,3958,2025
3120870,Curral de Dentro,MG,7662,2025
3120904,Curvelo,MG,84297,2025
3121001,Datas,MG,5635,2025
3121100,Delfim Moreira,MG,8133,2025
3121209,Delfinópolis,MG,8851,2025
3121258,Delta,MG,11143,2025
3121308,Descoberto,MG,5070,2025
3121407,Desterro de Entre Rios,MG,7941,2025
3121506,Desterro do Melo,MG,3060,2025
3121605,Diamantina,MG,49493,2025
3121704,Diogo de Vasconcelos,MG,3581,2025
3121803,Dionísio,MG,6689,2025
3121902,Divinésia,MG,4481,2025
3122009,Divino,MG,21428,2025
3122108,Divino das Laranjeiras,MG,4147,2025
3122207,Divinolândia de Minas,MG,6583,2025
3122306,Divinópolis,MG,243583,2025
3122355,Divisa Alegre,MG,6541,2025
3122405,Divisa Nova,MG,6002,2025
3122454,Divisópolis,MG,10659,2025
3122470,Dom Bosco,MG,3763,2025
3122504,Dom Cavati,MG,4967,2025
3122603,Dom Joaquim,MG,5074,2025
3122702,Dom Silvério,MG,5355,2025
3122801,Dom Viçoso,MG,3184,2025
3122900,Dona Euzébia,MG,6250,2025
3123007,Dores de Campos,MG,10359,2025
3123106,Dores de Guanhães,MG,5114,2025
3123205,Dores do Indaiá,MG,12730,2025
3123304,Dores do Turvo,MG,5192,2025
3123403,Doresópolis,MG,1498,2025
3123502,Douradoquara,MG,1869,2025
3123528,Durandé,MG,8065,2025
3123601,Elói Mendes,MG,27429,2025
3123700,Engenheiro Caldas,MG,14501,2025
3123809,Engenheiro Navarro,MG,6373,2025
3123858,Entre Folhas,MG,5295,2025
3123908,Entre Rios de Minas,MG,15157,2025
3124005,Ervália,MG,21091,2025
3124104,Esmeraldas,MG,93103,2025
3124203,Espera Feliz,MG,24844,2025
3124302,Espinosa,MG,31375,2025
3124401,Espírito Santo do Dourado,MG,7132,2025
3124500,Estiva,MG,11880,2025
3124609,Estrela Dalva,MG,2189,2025
3124708,Estrela do Indaiá,MG,2711,2025
3124807,Estrela do Sul,MG,6897,2025
3124906,Eugenópolis,MG,11096,2025
3125002,Ewbank da Câmara,MG,3986,2025
3125101,Extrema,MG,59336,2025
3125200,Fama,MG,2676,2025
3125309,Faria Lemos,MG,3230,2025
3125408,Felício dos Santos,MG,5251,2025
3125507,São Gonçalo do Rio Preto,MG,3099,2025
3125606,Felisburgo,MG,6575,2025
3125705,Felixlândia,MG,14280,2025
3125804,Fernandes Tourinho,MG,2814,2025
3125903,Ferros,MG,9603,2025
3125952,Fervedouro,MG,10705,2025
3126000,Florestal,MG,8469,2025
3126109,Formiga,MG,70897,2025
3126208,Formoso,MG,8095,2025
3126307,Fortaleza de Minas,MG,3453,2025
3126406,Fortuna de Minas,MG,3230,2025
3126505,Francisco Badaró,MG,7053,2025
3126604,Francisco Dumont,MG,4547,2025
3126703,Francisco Sá,MG,23753,2025
3126752,Franciscópolis,MG,5023,2025
3126802,Frei Gaspar,MG,5731,2025
3126901,Frei Inocêncio,MG,8301,2025
3126950,Frei Lagonegro,MG,3481,2025
3127008,Fronteira,MG,14946,2025
3127057,Fronteira dos Vales,MG,4389,2025
3127073,Fruta de Leite,MG,4538,2025
3127107,Frutal,MG,61275,2025
3127206,Funilândia,MG,4934,2025
3127305,Galiléia,MG,6244,2025
3127339,Gameleiras,MG,4847,2025
3127354,Glaucilândia,MG,2991,2025
3127370,Goiabeira,MG,2859,2025
3127388,Goianá,MG,4214,2025
3127404,Gonçalves,MG,4922,2025
3127503,Gonzaga,MG,5235,2025
3127602,Gouveia,MG,11536,2025
3127701,Governador Valadares,MG,266561,2025
3127800,Grão Mogol,MG,14037,2025
3127909,Grupiara,MG,1428,2025
3128006,Guanhães,MG,33517,2025
3128105,Guapé,MG,14076,2025
3128204,Guaraciaba,MG,9901,2025
3128253,Guaraciama,MG,5224,2025
3128303,Guaranésia,MG,19646,2025
3128402,Guarani,MG,7731,2025
3128501,Guarará,MG,3091,2025
3128600,Guarda-Mor,MG,6687,2025
3128709,Guaxupé,MG,52744,2025
3128808,Guidoval,MG,7285,2025
3128907,Guimarânia,MG,8880,2025
3129004,Guiricema,MG,7803,2025
3129103,Gurinhatã,MG,5154,2025
3129202,Heliodora,MG,6278,2025
3129301,Iapu,MG,12583,2025
3129400,Ibertioga,MG,5346,2025
3129509,Ibiá,MG,22554,2025
3129608,Ibiaí,MG,6172,2025
3129657,Ibiracatu,MG,5113,2025
3129707,Ibiraci,MG,10996,2025
3129806,Ibirité,MG,179582,2025
3129905,Ibitiúra de Minas,MG,3440,2025
3130002,Ibituruna,MG,2733,2025
3130051,Icaraí de Minas,MG,10914,2025
3130101,Igarapé,MG,49120,2025
3130200,Igaratinga,MG,11345,2025
3130309,Iguatama,MG,6782,2025
3130408,Ijaci,MG,7358,2025
3130507,Ilicínea,MG,13248,2025
3130556,Imbé de Minas,MG,7244,2025
3130606,Inconfidentes,MG,7537,2025
3130655,Indaiabira,MG,6328,2025
3130705,Indianópolis,MG,6311,2025
3130804,Ingaí,MG,2632,2025
3130903,Inhapim,MG,22925,2025
3131000,Inhaúma,MG,6465,2025
3131109,Inimutaba,MG,7615,2025
3131158,Ipaba,MG,17587,2025
3131208,Ipanema,MG,20181,2025
3131307,Ipatinga,MG,235311,2025
3131406,Ipiaçu,MG,3807,2025
3131505,Ipuiúna,MG,9283,2025
3131604,Iraí de Minas,MG,7467,2025
3131703,Itabira,MG,118053,2025
3131802,Itabirinha,MG,10548,2025
3131901,Itabirito,MG,56369,2025
3132008,Itacambira,MG,4227,2025
3132107,Itacarambi,MG,17502,2025
3132206,Itaguara,MG,14415,2025
3132305,Itaipé,MG,10482,2025
3132404,Itajubá,MG,96855,2025
3132503,Itamarandiba,MG,34210,2025
3132602,Itamarati de Minas,MG,3710,2025
3132701,Itambacuri,MG,21210,2025
3132800,Itambé do Mato Dentro,MG,2168,2025
3132909,Itamogi,MG,11092,2025
3133006,Itamonte,MG,15245,2025
3133105,Itanhandu,MG,15751,2025
3133204,Itanhomi,MG,11264,2025
3133303,Itaobim,MG,19263,2025
3133402,Itapagipe,MG,14014,2025
3133501,Itapecerica,MG,21456,2025
3133600,Itapeva,MG,13561,2025
3133709,Itatiaiuçu,MG,13779,2025
3133758,Itaú de Minas,MG,14634,2025
3133808,Itaúna,MG,103272,2025
3133907,Itaverava,MG,5747,2025
3134004,Itinga,MG,13954,2025
3134103,Itueta,MG,6234,2025
3134202,Ituiutaba,MG,106775,2025
3134301,Itumirim,MG,6876,2025
3134400,Iturama,MG,40259,2025
3134509,Itutinga,MG,4366,2025
3134608,Jaboticatubas,MG,21407,2025
3134707,Jacinto,MG,11115,2025
3134806,Jacuí,MG,7668,2025
3134905,Jacutinga,MG,26888,2025
3135001,Jaguaraçu,MG,3181,2025
3135050,Jaíba,MG,39639,2025
3135076,Jampruca,MG,4266,2025
3135100,Janaúba,MG,73555,2025
3135209,Januária,MG,67123,2025
3135308,Japaraíba,MG,4706,2025
3135357,Japonvar,MG,8385,2025
3135407,Jeceaba,MG,6476,2025
3135456,Jenipapo de Minas,MG,6072,2025
3135506,Jequeri,MG,12636,2025
3135605,Jequitaí,MG,6379,2025
3135704,Jequitibá,MG,6142,2025
3135803,Jequitinhonha,MG,24516,2025
3135902,Jesuânia,MG,5320,2025
3136009,Joaíma,MG,14035,2025
3136108,Joanésia,MG,4246,2025
3136207,João Monlevade,MG,83791,2025
3136306,João Pinheiro,MG,48725,2025
3136405,Joaquim Felício,MG,3868,2025
3136504,Jordânia,MG,10541,2025
3136520,José Gonçalves de Minas,MG,3963,2025
3136553,José Raydan,MG,4349,2025
3136579,Josenópolis,MG,3557,2025
3136603,Nova União,MG,6107,2025
3136652,Juatuba,MG,33249,2025
3136702,Juiz de Fora,MG,567730,2025
3136801,Juramento,MG,3798,2025
3136900,Juruaia,MG,11652,2025
3136959,Juvenília,MG,5937,2025
3137007,Ladainha,MG,14263,2025
3137106,Lagamar,MG,6622,2025
3137205,Lagoa da Prata,MG,53927,2025
3137304,Lagoa dos Patos,MG,3237,2025
3137403,Lagoa Dourada,MG,13152,2025
3137502,Lagoa Formosa,MG,19614,2025
3137536,Lagoa Grande,MG,9235,2025
3137601,Lagoa Santa,MG,81299,2025
3137700,Lajinha,MG,21502,2025
3137809,Lambari,MG,21010,2025
3137908,Lamim,MG,3213,2025
3138005,Laranjal,MG,6018,2025
3138104,Lassance,MG,7398,2025
3138203,Lavras,MG,110682,2025
3138302,Leandro Ferreira,MG,3272,2025
3138351,Leme do Prado,MG,4364,2025
3138401,Leopoldina,MG,52739,2025
3138500,Liberdade,MG,4744,2025
3138609,Lima Duarte,MG,17782,2025
3138625,Limeira do Oeste,MG,9191,2025
3138658,Lontra,MG,8963,2025
3138674,Luisburgo,MG,7239,2025
3138682,Luislândia,MG,6323,2025
3138708,Luminárias,MG,5744,2025
3138807,Luz,MG,18336,2025
3138906,Machacalis,MG,6556,2025
3139003,Machado,MG,38809,2025
3139102,Madre de Deus de Minas,MG,5360,2025
3139201,Malacacheta,MG,17691,2025
3139250,Mamonas,MG,6082,2025
3139300,Manga,MG,19148,2025
3139409,Manhuaçu,MG,97328,2025
3139508,Manhumirim,MG,20939,2025
3139607,Mantena,MG,27350,2025
3139706,Maravilhas,MG,7532,2025
3139805,Mar de Espanha,MG,13180,2025
3139904,Maria da Fé,MG,14567,2025
3140001,Mariana,MG,64506,2025
3140100,Marilac,MG,4323,2025
3140159,Mário Campos,MG,16705,2025
3140209,Maripá de Minas,MG,3567,2025
3140308,Marliéria,MG,4796,2025
3140407,Marmelópolis,MG,3314,2025
3140506,Martinho Campos,MG,14546,2025
3140530,Martins Soares,MG,8797,2025
3140555,Mata Verde,MG,9532,2025
3140605,Materlândia,MG,3949,2025
3140704,Mateus Leme,MG,40814,2025
3140803,Matias Barbosa,MG,14547,2025
3140852,Matias Cardoso,MG,8922,2025
3140902,Matipó,MG,19115,2025
3141009,Mato Verde,MG,12210,2025
3141108,Matozinhos,MG,39529,2025
3141207,Matutina,MG,3912,2025
3141306,Medeiros,MG,4068,2025
3141405,Medina,MG,20455,2025
3141504,Mendes Pimentel,MG,5614,2025
3141603,Mercês,MG,10615,2025
3141702,Mesquita,MG,4984,2025
3141801,Minas Novas,MG,23843,2025
3141900,Minduri,MG,3811,2025
3142007,Mirabela,MG,14071,2025
3142106,Miradouro,MG,8961,2025
3142205,Miraí,MG,13921,2025
3142254,Miravânia,MG,3982,2025
3142304,Moeda,MG,5314,2025
3142403,Moema,MG,7812,2025
3142502,Monjolos,MG,2187,2025
3142601,Monsenhor Paulo,MG,8565,2025
3142700,Montalvânia,MG,14068,2025
3142809,Monte Alegre de Minas,MG,20708,2025
3142908,Monte Azul,MG,20497,2025
3143005,Monte Belo,MG,13347,2025
3143104,Monte Carmelo,MG,49500,2025
3143153,Monte Formoso,MG,4437,2025
3143203,Monte Santo de Minas,MG,21294,2025
3143302,Montes Claros,MG,437601,2025
3143401,Monte Sião,MG,25107,2025
3143450,Montezuma,MG,6951,2025
3143500,Morada Nova de Minas,MG,9414,2025
3143609,Morro da Garça,MG,2426,2025
3143708,Morro do Pilar,MG,3161,2025
3143807,Munhoz,MG,7930,2025
3143906,Muriaé,MG,108447,2025
3144003,Mutum,MG,28749,2025
3144102,Muzambinho,MG,22620,2025
3144201,Nacip Raydan,MG,2400,2025
3144300,Nanuque,MG,35263,2025
3144359,Naque,MG,6443,2025
3144375,Natalândia,MG,3642,2025
3144409,Natércia,MG,4805,2025
3144508,Nazareno,MG,8407,2025
3144607,Nepomuceno,MG,25757,2025
3144656,Ninheira,MG,10965,2025
3144672,Nova Belém,MG,3126,2025
3144706,Nova Era,MG,17813,2025
3144805,Nova Lima,MG,120959,2025
3144904,Nova Módica,MG,3726,2025
3145000,Nova Ponte,MG,15220,2025
3145059,Nova Porteirinha,MG,6746,2025
3145109,Nova Resende,MG,16919,2025
3145208,Nova Serrana,MG,114791,2025
3145307,Novo Cruzeiro,MG,27268,2025
3145356,Novo Oriente de Minas,MG,10503,2025
3145372,Novorizonte,MG,4612,2025
3145406,Olaria,MG,1986,2025
3145455,Olhos-d'Água,MG,5530,2025
3145505,Olímpio Noronha,MG,2618,2025
3145604,Oliveira,MG,40576,2025
3145703,Oliveira Fortes,MG,2058,2025
3145802,Onça de Pitangui,MG,3024,2025
3145851,Oratórios,MG,5102,2025
3145877,Orizânia,MG,8828,2025
3145901,Ouro Branco,MG,40638,2025
3146008,Ouro Fino,MG,33285,2025
3146107,Ouro Preto,MG,77914,2025
3146206,Ouro Verde de Minas,MG,5847,2025
3146255,Padre Carvalho,MG,5045,2025
3146305,Padre Paraíso,MG,17463,2025
3146404,Paineiras,MG,4253,2025
3146503,Pains,MG,8353,2025
3146552,Pai Pedro,MG,5616,2025
3146602,Paiva,MG,1495,2025
3146701,Palma,MG,5699,2025
3146750,Palmópolis,MG,6342,2025
3146909,Papagaios,MG,14202,2025
3147006,Paracatu,MG,99005,2025
3147105,Pará de Minas,MG,102844,2025
3147204,Paraguaçu,MG,22452,2025
3147303,Paraisópolis,MG,21076,2025
3147402,Paraopeba,MG,24899,2025
3147501,Passabém,MG,1609,2025
3147600,Passa Quatro,MG,15847,2025
3147709,Passa Tempo,MG,8716,2025
3147808,Passa Vinte,MG,2311,2025
3147907,Passos,MG,116951,2025
3147956,Patis,MG,4825,2025
3148004,Patos de Minas,MG,169173,2025
3148103,Patrocínio,MG,94357,2025
3148202,Patrocínio do Muriaé,MG,5754,2025
3148301,Paula Cândido,MG,8757,2025
3148400,Paulistas,MG,4402,2025
3148509,Pavão,MG,8143,2025
3148608,Peçanha,MG,17863,2025
3148707,Pedra Azul,MG,25045,2025
3148756,Pedra Bonita,MG,7599,2025
3148806,Pedra do Anta,MG,3366,2025
3148905,Pedra do Indaiá,MG,4247,2025
3149002,Pedra Dourada,MG,2916,2025
3149101,Pedralva,MG,10891,2025
3149150,Pedras de Maria da Cruz,MG,10601,2025
3149200,Pedrinópolis,MG,3398,2025
3149309,Pedro Leopoldo,MG,65174,2025
3149408,Pedro Teixeira,MG,1857,2025
3149507,Pequeri,MG,3461,2025
3149606,Pequi,MG,4265,2025
3149705,Perdigão,MG,13118,2025
3149804,Perdizes,MG,17992,2025
3149903,Perdões,MG,22075,2025
3149952,Periquito,MG,6624,2025
3150000,Pescador,MG,3559,2025
3150109,Piau,MG,2854,2025
3150158,Piedade de Caratinga,MG,8966,2025
3150208,Piedade de Ponte Nova,MG,4054,2025
3150307,Piedade do Rio Grande,MG,4694,2025
3150406,Piedade dos Gerais,MG,5199,2025
3150505,Pimenta,MG,8817,2025
3150539,Pingo-d'Água,MG,4864,2025
3150570,Pintópolis,MG,7228,2025
3150604,Piracema,MG,6905,2025
3150703,Pirajuba,MG,5814,2025
3150802,Piranga,MG,17358,2025
3150901,Piranguçu,MG,6320,2025
3151008,Piranguinho,MG,9518,2025
3151107,Pirapetinga,MG,11454,2025
3151206,Pirapora,MG,57713,2025
3151305,Piraúba,MG,12006,2025
3151404,Pitangui,MG,27834,2025
3151503,Piumhi,MG,38007,2025
3151602,Planura,MG,11533,2025
3151701,Poço Fundo,MG,16824,2025
3151800,Poços de Caldas,MG,172339,2025
3151909,Pocrane,MG,8438,2025
3152006,Pompéu,MG,32441,2025
3152105,Ponte Nova,MG,59638,2025
3152131,Ponto Chique,MG,3797,2025
3152170,Ponto dos Volantes,MG,11059,2025
3152204,Porteirinha,MG,38692,2025
3152303,Porto Firme,MG,10840,2025
3152402,Poté,MG,13649,2025
3152501,Pouso Alegre,MG,162133,2025
3152600,Pouso Alto,MG,6779,2025
3152709,Prados,MG,9369,2025
3152808,Prata,MG,29745,2025
3152907,Pratápolis,MG,8534,2025
3153004,Pratinha,MG,3691,2025
3153103,Presidente Bernardes,MG,4847,2025
3153202,Presidente Juscelino,MG,3471,2025
3153301,Presidente Kubitschek,MG,3162,2025
3153400,Presidente Olegário,MG,19192,2025
3153509,Alto Jequitibá,MG,8606,2025
3153608,Prudente de Morais,MG,12052,2025
3153707,Quartel Geral,MG,3232,2025
3153806,Queluzito,MG,1796,2025
3153905,Raposos,MG,16796,2025
3154002,Raul Soares,MG,23874,2025
3154101,Recreio,MG,11383,2025
3154150,Reduto,MG,8246,2025
3154200,Resende Costa,MG,11544,2025
3154309,Resplendor,MG,17629,2025
3154408,Ressaquinha,MG,4640,2025
3154457,Riachinho,MG,6830,2025
3154507,Riacho dos Machados,MG,8858,2025
3154606,Ribeirão das Neves,MG,346971,2025
3154705,Ribeirão Vermelho,MG,4217,2025
3154804,Rio Acima,MG,10698,2025
3154903,Rio Casca,MG,12851,2025
3155009,Rio Doce,MG,2545,2025
3155108,Rio do Prado,MG,4649,2025
3155207,Rio Espera,MG,5447,2025
3155306,Rio Manso,MG,5746,2025
3155405,Rio Novo,MG,8683,2025
3155504,Rio Paranaíba,MG,15297,2025
3155603,Rio Pardo de Minas,MG,29103,2025
3155702,Rio Piracicaba,MG,15036,2025
3155801,Rio Pomba,MG,17885,2025
3155900,Rio Preto,MG,5235,2025
3156007,Rio Vermelho,MG,12770,2025
3156106,Ritápolis,MG,5122,2025
3156205,Rochedo de Minas,MG,2374,2025
3156304,Rodeiro,MG,9168,2025
3156403,Romaria,MG,3430,2025
3156452,Rosário da Limeira,MG,4926,2025
3156502,Rubelita,MG,5460,2025
3156601,Rubim,MG,10602,2025
3156700,Sabará,MG,134576,2025
3156809,Sabinópolis,MG,14309,2025
3156908,Sacramento,MG,28076,2025
3157005,Salinas,MG,41736,2025
3157104,Salto da Divisa,MG,6126,2025
3157203,Santa Bárbara,MG,31916,2025
3157252,Santa Bárbara do Leste,MG,8785,2025
3157278,Santa Bárbara do Monte Verde,MG,3218,2025
3157302,Santa Bárbara do Tugúrio,MG,4245,2025
3157336,Santa Cruz de Minas,MG,8339,2025
3157377,Santa Cruz de Salinas,MG,3919,2025
3157401,Santa Cruz do Escalvado,MG,4728,2025
3157500,Santa Efigênia de Minas,MG,4038,2025
3157609,Santa Fé de Minas,MG,3528,2025
3157658,Santa Helena de Minas,MG,6056,2025
3157708,Santa Juliana,MG,16820,2025
3157807,Santa Luzia,MG,230382,2025
3157906,Santa Margarida,MG,16989,2025
3158003,Santa Maria de Itabira,MG,10718,2025
3158102,Santa Maria do Salto,MG,4777,2025
3158201,Santa Maria do Suaçuí,MG,12817,2025
3158300,Santana da Vargem,MG,6756,2025
3158409,Santana de Cataguases,MG,3548,2025
3158508,Santana de Pirapama,MG,7030,2025
3158607,Santana do Deserto,MG,3815,2025
3158706,Santana do Garambéu,MG,2171,2025
3158805,Santana do Jacaré,MG,4246,2025
3158904,Santana do Manhuaçu,MG,9264,2025
3158953,Santana do Paraíso,MG,49025,2025
3159001,Santana do Riacho,MG,5654,2025
3159100,Santana dos Montes,MG,3490,2025
3159209,Santa Rita de Caldas,MG,8561,2025
3159308,Santa Rita de Jacutinga,MG,4826,2025
3159357,Santa Rita de Minas,MG,6969,2025
3159407,Santa Rita de Ibitipoca,MG,3331,2025
3159506,Santa Rita do Itueto,MG,5984,2025
3159605,Santa Rita do Sapucaí,MG,42517,2025
3159704,Santa Rosa da Serra,MG,3487,2025
3159803,Santa Vitória,MG,21914,2025
3159902,Santo Antônio do Amparo,MG,17657,2025
3160009,Santo Antônio do Aventureiro,MG,3896,2025
3160108,Santo Antônio do Grama,MG,4352,2025
3160207,Santo Antônio do Itambé,MG,3969,2025
3160306,Santo Antônio do Jacinto,MG,10324,2025
3160405,Santo Antônio do Monte,MG,28456,2025
3160454,Santo Antônio do Retiro,MG,6729,2025
3160504,Santo Antônio do Rio Abaixo,MG,1856,2025
3160603,Santo Hipólito,MG,2692,2025
3160702,Santos Dumont,MG,43218,2025
3160801,São Bento Abade,MG,4846,2025
3160900,São Brás do Suaçuí,MG,4161,2025
3160959,São Domingos das Dores,MG,5793,2025
3161007,São Domingos do Prata,MG,17783,2025
3161056,São Félix de Minas,MG,3244,2025
3161106,São Francisco,MG,54223,2025
3161205,São Francisco de Paula,MG,6281,2025
3161304,São Francisco de Sales,MG,5858,2025
3161403,São Francisco do Glória,MG,4848,2025
3161502,São Geraldo,MG,10524,2025
3161601,São Geraldo da Piedade,MG,3200,2025
3161650,São Geraldo do Baixio,MG,3158,2025
3161700,São Gonçalo do Abaeté,MG,7515,2025
3161809,São Gonçalo do Pará,MG,12275,2025
3161908,São Gonçalo do Rio Abaixo,MG,12475,2025
3162005,São Gonçalo do Sapucaí,MG,24497,2025
3162104,São Gotardo,MG,43851,2025
3162203,São João Batista do Glória,MG,7959,2025
3162252,São João da Lagoa,MG,4962,2025
3162302,São João da Mata,MG,3012,2025
3162401,São João da Ponte,MG,24197,2025
3162450,São João das Missões,MG,13547,2025
3162500,São João del Rei,MG,94468,2025
3162559,São João do Manhuaçu,MG,11676,2025
3162575,São João do Manteninha,MG,5479,2025
3162609,São João do Oriente,MG,7099,2025
3162658,São João do Pacuí,MG,4050,2025
3162708,São João do Paraíso,MG,24706,2025
3162807,São João Evangelista,MG,15613,2025
3162906,São João Nepomuceno,MG,26529,2025
3162922,São Joaquim de Bicas,MG,37017,2025
3162948,São José da Barra,MG,8145,2025
3162955,São José da Lapa,MG,28087,2025
3163003,São José da Safira,MG,3849,2025
3163102,São José da Varginha,MG,4698,2025
3163201,São José do Alegre,MG,4252,2025
3163300,São José do Divino,MG,3482,2025
3163409,São José do Goiabal,MG,5482,2025
3163508,São José do Jacuri,MG,6282,2025
3163607,São José do Mantimento,MG,2844,2025
3163706,São Lourenço,MG,46868,2025
3163805,São Miguel do Anta,MG,6410,2025
3163904,São Pedro da União,MG,4973,2025
3164001,São Pedro dos Ferros,MG,7132,2025
3164100,São Pedro do Suaçuí,MG,5143,2025
3164209,São Romão,MG,10562,2025
3164308,São Roque de Minas,MG,7370,2025
3164407,São Sebastião da Bela Vista,MG,6778,2025
3164431,São Sebastião da Vargem Alegre,MG,3239,2025
3164472,São Sebastião do Anta,MG,6415,2025
3164506,São Sebastião do Maranhão,MG,10218,2025
3164605,São Sebastião do Oeste,MG,9527,2025
3164704,São Sebastião do Paraíso,MG,75179,2025
3164803,São Sebastião do Rio Preto,MG,1229,2025
3164902,São Sebastião do Rio Verde,MG,2385,2025
3165008,São Tiago,MG,11559,2025
3165107,São Tomás de Aquino,MG,6837,2025
3165206,São Tomé das Letras,MG,7107,2025
3165305,São Vicente de Minas,MG,6928,2025
3165404,Sapucaí-Mirim,MG,6469,2025
3165503,Sardoá,MG,5140,2025
3165537,Sarzedo,MG,39974,2025
3165552,Setubinha,MG,9985,2025
3165560,Sem-Peixe,MG,2420,2025
3165578,Senador Amaral,MG,6517,2025
3165602,Senador Cortes,MG,2335,2025
3165701,Senador Firmino,MG,7977,2025
3165800,Senador José Bento,MG,2149,2025
3165909,Senador Modestino Gonçalves,MG,4006,2025
3166006,Senhora de Oliveira,MG,5577,2025
3166105,Senhora do Porto,MG,3066,2025
3166204,Senhora dos Remédios,MG,10657,2025
3166303,Sericita,MG,7552,2025
3166402,Seritinga,MG,1866,2025
3166501,Serra Azul de Minas,MG,3808,2025
3166600,Serra da Saudade,MG,856,2025
3166709,Serra dos Aimorés,MG,6859,2025
3166808,Serra do Salitre,MG,12286,2025
3166907,Serrania,MG,7811,2025
3166956,Serranópolis de Minas,MG,4497,2025
3167004,Serranos,MG,2036,2025
3167103,Serro,MG,22624,2025
3167202,Sete Lagoas,MG,238909,2025
3167301,Silveirânia,MG,2399,2025
3167400,Silvianópolis,MG,6348,2025
3167509,Simão Pereira,MG,3084,2025
3167608,Simonésia,MG,20431,2025
3167707,Sobrália,MG,5140,2025
3167806,Soledade de Minas,MG,5733,2025
3167905,Tabuleiro,MG,4097,2025
3168002,Taiobeiras,MG,34537,2025
3168051,Taparuba,MG,3508,2025
3168101,Tapira,MG,4215,2025
3168200,Tapiraí,MG,1698,2025
3168309,Taquaraçu de Minas,MG,4394,2025
3168408,Tarumirim,MG,15104,2025
3168507,Teixeiras,MG,12691,2025
3168606,Teófilo Otoni,MG,142851,2025
3168705,Timóteo,MG,84172,2025
3168804,Tiradentes,MG,8056,2025
3168903,Tiros,MG,8231,2025
3169000,Tocantins,MG,16603,2025
3169059,Tocos do Moji,MG,3894,2025
3169109,Toledo,MG,7625,2025
3169208,Tombos,MG,8653,2025
3169307,Três Corações,MG,78291,2025
3169356,Três Marias,MG,29985,2025
3169406,Três Pontas,MG,57209,2025
3169505,Tumiritinga,MG,5955,2025
3169604,Tupaciguara,MG,26583,2025
3169703,Turmalina,MG,20769,2025
3169802,Turvolândia,MG,5097,2025
3169901,Ubá,MG,107423,2025
3170008,Ubaí,MG,11985,2025
3170057,Ubaporanga,MG,13485,2025
3170107,Uberaba,MG,356781,2025
3170206,Uberlândia,MG,761835,2025
3170305,Umburatiba,MG,2742,2025
3170404,Unaí,MG,91320,2025
3170438,União de Minas,MG,3818,2025
3170479,Uruana de Minas,MG,3365,2025
3170503,Urucânia,MG,10899,2025
3170529,Urucuia,MG,18515,2025
3170578,Vargem Alegre,MG,5800,2025
3170602,Vargem Bonita,MG,2207,2025
3170651,Vargem Grande do Rio Pardo,MG,4724,2025
3170701,Varginha,MG,143676,2025
3170750,Varjão de Minas,MG,7305,2025
3170800,Várzea da Palma,MG,34555,2025
3170909,Varzelândia,MG,19210,2025
3171006,Vazante,MG,20459,2025
3171030,Verdelândia,MG,7737,2025
3171071,Veredinha,MG,5240,2025
3171105,Veríssimo,MG,3478,2025
3171154,Vermelho Novo,MG,5048,2025
3171204,Vespasiano,MG,138583,2025
3171303,Viçosa,MG,79517,2025
3171402,Vieiras,MG,3781,2025
3171501,Mathias Lobato,MG,3053,2025
3171600,Virgem da Lapa,MG,11774,2025
3171709,Virgínia,MG,9164,2025
3171808,Virginópolis,MG,10511,2025
3171907,Virgolândia,MG,4471,2025
3172004,Visconde do Rio Branco,MG,40711,2025
3172103,Volta Grande,MG,4441,2025
3172202,Wenceslau Braz,MG,2377,2025
3200102,Afonso Cláudio,ES,32456,2025
3200136,Águia Branca,ES,10143,2025
3200169,Água Doce do Norte,ES,12585,2025
3200201,Alegre,ES,30702,2025
3200300,Alfredo Chaves,ES,14376,2025
3200359,Alto Rio Novo,ES,7760,2025
3200409,Anchieta,ES,33017,2025
3200508,Apiacá,ES,7462,2025
3200607,Aracruz,ES,103363,2025
3200706,Atílio Vivácqua,ES,11046,2025
3200805,Baixo Guandu,ES,32829,2025
3200904,Barra de São Francisco,ES,45415,2025
3201001,Boa Esperança,ES,14054,2025
3201100,Bom Jesus do Norte,ES,10820,2025
3201159,Brejetuba,ES,13718,2025
3201209,Cachoeiro de Itapemirim,ES,198342,2025
3201308,Cariacica,ES,376200,2025
3201407,Castelo,ES,39575,2025
3201506,Colatina,ES,129301,2025
3201605,Conceição da Barra,ES,28923,2025
3201704,Conceição do Castelo,ES,12472,2025
3201803,Divino de São Lourenço,ES,5397,2025
3201902,Domingos Martins,ES,38236,2025
3202009,Dores do Rio Preto,ES,6902,2025
3202108,Ecoporanga,ES,22611,2025
3202207,Fundão,ES,18898,2025
3202256,Governador Lindenberg,ES,11484,2025
3202306,Guaçuí,ES,31418,2025
3202405,Guarapari,ES,136311,2025
3202454,Ibatiba,ES,27543,2025
3202504,Ibiraçu,ES,12304,2025
3202553,Ibitirama,ES,10015,2025
3202603,Iconha,ES,12790,2025
3202652,Irupi,ES,14647,2025
3202702,Itaguaçu,ES,14042,2025
3202801,Itapemirim,ES,44020,2025
3202900,Itarana,ES,10975,2025
3203007,Iúna,ES,30556,2025
3203056,Jaguaré,ES,31551,2025
3203106,Jerônimo Monteiro,ES,12108,2025
3203130,João Neiva,ES,14295,2025
3203163,Laranja da Terra,ES,11597,2025
3203205,Linhares,ES,183797,2025
3203304,Mantenópolis,ES,13131,2025
3203320,Marataízes,ES,45953,2025
3203346,Marechal Floriano,ES,18964,2025
3203353,Marilândia,ES,13087,2025
3203403,Mimoso do Sul,ES,25088,2025
3203502,Montanha,ES,19830,2025
3203601,Mucurici,ES,5653,2025
3203700,Muniz Freire,ES,18809,2025
3203809,Muqui,ES,14185,2025
3203908,Nova Venécia,ES,52324,2025
3204005,Pancas,ES,19120,2025
3204054,Pedro Canário,ES,21923,2025
3204104,Pinheiros,ES,24843,2025
3204203,Piúma,ES,23912,2025
3204252,Ponto Belo,ES,6671,2025
3204302,Presidente Kennedy,ES,14852,2025
3204351,Rio Bananal,ES,20350,2025
3204401,Rio Novo do Sul,ES,11471,2025
3204500,Santa Leopoldina,ES,13813,2025
3204559,Santa Maria de Jetibá,ES,45575,2025
3204609,Santa Teresa,ES,23872,2025
3204658,São Domingos do Norte,ES,9051,2025
3204708,São Gabriel da Palha,ES,34272,2025
3204807,São José do Calçado,ES,11411,2025
3204906,São Mateus,ES,134423,2025
3204955,São Roque do Canaã,ES,11256,2025
3205002,Serra,ES,579720,2025
3205010,Sooretama,ES,28668,2025
3205036,Vargem Alta,ES,20390,2025
3205069,Venda Nova do Imigrante,ES,25395,2025
3205101,Viana,ES,79043,2025
3205150,Vila Pavão,ES,9319,2025
3205176,Vila Valério,ES,14267,2025
3205200,Vila Velha,ES,506779,2025
3205309,Vitória,ES,343378,2025
3300100,Angra dos Reis,RJ,179142,2025
3300159,Aperibé,RJ,11426,2025
3300209,Araruama,RJ,137906,2025
3300225,Areal,RJ,12239,2025
3300233,Armação dos Búzios,RJ,42527,2025
3300258,Arraial do Cabo,RJ,32822,2025
3300308,Barra do Piraí,RJ,98506,2025
3300407,Barra Mansa,RJ,181679,2025
3300456,Belford Roxo,RJ,518384,2025
3300506,Bom Jardim,RJ,29758,2025
3300605,Bom Jesus do Itabapoana,RJ,37176,2025
3300704,Cabo Frio,RJ,238438,2025
3300803,Cachoeiras de Macacu,RJ,59861,2025
3300902,Cambuci,RJ,15069,2025
3300936,Carapebus,RJ,14329,2025
3300951,Comendador Levy Gasparian,RJ,9048,2025
3301009,Campos dos Goytacazes,RJ,519259,2025
3301108,Cantagalo,RJ,19995,2025
3301157,Cardoso Moreira,RJ,13407,2025
3301207,Carmo,RJ,17741,2025
3301306,Casimiro de Abreu,RJ,48636,2025
3301405,Conceição de Macabu,RJ,21770,2025
3301504,Cordeiro,RJ,21448,2025
3301603,Duas Barras,RJ,11355,2025
3301702,Duque de Caxias,RJ,866225,2025
3301801,Engenheiro Paulo de Frontin,RJ,12644,2025
3301850,Guapimirim,RJ,54311,2025
3301876,Iguaba Grande,RJ,29616,2025
3301900,Itaboraí,RJ,240127,2025
3302007,Itaguaí,RJ,124021,2025
3302056,Italva,RJ,14518,2025
3302106,Itaocara,RJ,23645,2025
3302205,Itaperuna,RJ,107297,2025
3302254,Itatiaia,RJ,32713,2025
3302270,Japeri,RJ,102171,2025
3302304,Laje do Muriaé,RJ,7584,2025
3302403,Macaé,RJ,264439,2025
3302452,Macuco,RJ,5602,2025
3302502,Magé,RJ,244142,2025
3302601,Mangaratiba,RJ,43660,2025
3302700,Maricá,RJ,212470,2025
3302809,Mendes,RJ,18048,2025
3302858,Mesquita,RJ,178830,2025
3302908,Miguel Pereira,RJ,28142,2025
3303005,Miracema,RJ,28416,2025
3303104,Natividade,RJ,15551,2025
3303203,Nilópolis,RJ,155500,2025
3303302,Niterói,RJ,516787,2025
3303401,Nova Friburgo,RJ,203417,2025
3303500,Nova Iguaçu,RJ,843220,2025
3303609,Paracambi,RJ,43627,2025
3303708,Paraíba do Sul,RJ,44479,2025
3303807,Paraty,RJ,47668,2025
3303856,Paty do Alferes,RJ,31370,2025
3303906,Petrópolis,RJ,294926,2025
3303955,Pinheiral,RJ,25096,2025
3304003,Piraí,RJ,29066,2025
3304102,Porciúncula,RJ,17832,2025
3304110,Porto Real,RJ,21089,2025
3304128,Quatis,RJ,14165,2025
3304144,Queimados,RJ,149135,2025
3304151,Quissamã,RJ,23142,2025
3304201,Resende,RJ,137697,2025
3304300,Rio Bonito,RJ,59126,2025
3304409,Rio Claro,RJ,17951,2025
3304508,Rio das Flores,RJ,9267,2025
3304524,Rio das Ostras,RJ,168455,2025
3304557,Rio de Janeiro,RJ,6730729,2025
3304607,Santa Maria Madalena,RJ,10580,2025
3304706,Santo Antônio de Pádua,RJ,43697,2025
3304755,São Francisco de Itabapoana,RJ,47397,2025
3304805,São Fidélis,RJ,41212,2025
3304904,São Gonçalo,RJ,960196,2025
3305000,São João da Barra,RJ,38740,2025
3305109,São João de Meriti,RJ,466503,2025
3305133,São José de Ubá,RJ,7318,2025
3305158,São José do Vale do Rio Preto,RJ,22813,2025
3305208,São Pedro da Aldeia,RJ,110677,2025
3305307,São Sebastião do Alto,RJ,7993,2025
3305406,Sapucaia,RJ,18291,2025
3305505,Saquarema,RJ,95315,2025
3305554,Seropédica,RJ,84794,2025
3305604,Silva Jardim,RJ,22028,2025
3305703,Sumidouro,RJ,15693,2025
3305752,Tanguá,RJ,32865,2025
3305802,Teresópolis,RJ,176735,2025
3305901,Trajano de Moraes,RJ,10654,2025
3306008,Três Rios,RJ,82319,2025
3306107,Valença,RJ,71449,2025
3306156,Varre-Sai,RJ,10563,2025
3306206,Vassouras,RJ,35907,2025
3306305,Volta Redonda,RJ,279971,2025
3500105,Adamantina,SP,35673,2025
3500204,Adolfo,SP,4505,2025
3500303,Aguaí,SP,32886,2025
3500402,Águas da Prata,SP,7463,2025
3500501,Águas de Lindóia,SP,18257,2025
3500550,Águas de Santa Bárbara,SP,7460,2025
3500600,Águas de São Pedro,SP,2928,2025
3500709,Agudos,SP,38988,2025
3500758,Alambari,SP,6373,2025
3500808,Alfredo Marcondes,SP,4574,2025
3500907,Altair,SP,3467,2025
3501004,Altinópolis,SP,17197,2025
3501103,Alto Alegre,SP,3874,2025
3501152,Alumínio,SP,17607,2025
3501202,Álvares Florence,SP,3979,2025
3501301,Álvares Machado,SP,28386,2025
3501400,Álvaro de Carvalho,SP,4901,2025
3501509,Alvinlândia,SP,2919,2025
3501608,Americana,SP,247571,2025
3501707,Américo Brasiliense,SP,33708,2025
3501806,Américo de Campos,SP,5981,2025
3501905,Amparo,SP,69792,2025
3502002,Analândia,SP,4694,2025
3502101,Andradina,SP,61625,2025
3502200,Angatuba,SP,24573,2025
3502309,Anhembi,SP,5766,2025
3502408,Anhumas,SP,4118,2025
3502507,Aparecida,SP,33141,2025
3502606,Aparecida d'Oeste,SP,4112,2025
3502705,Apiaí,SP,24857,2025
3502754,Araçariguama,SP,22314,2025
3502804,Araçatuba,SP,208415,2025
3502903,Araçoiaba da Serra,SP,33832,2025
3503000,Aramina,SP,5535,2025
3503109,Arandu,SP,7076,2025
3503158,Arapeí,SP,2355,2025
3503208,Araraquara,SP,253474,2025
3503307,Araras,SP,135744,2025
3503356,Arco-Íris,SP,2089,2025
3503406,Arealva,SP,8290,2025
3503505,Areias,SP,3617,2025
3503604,Areiópolis,SP,10242,2025
3503703,Ariranha,SP,7621,2025
3503802,Artur Nogueira,SP,53467,2025
3503901,Arujá,SP,90273,2025
3503950,Aspásia,SP,1875,2025
3504008,Assis,SP,104858,2025
3504107,Atibaia,SP,167161,2025
3504206,Auriflama,SP,13856,2025
3504305,Avaí,SP,4503,2025
3504404,Avanhandava,SP,11436,2025
3504503,Avaré,SP,96450,2025
3504602,Bady Bassitt,SP,29346,2025
3504701,Balbinos,SP,3969,2025
3504800,Bálsamo,SP,9902,2025
3504909,Bananal,SP,10097,2025
3505005,Barão de Antonina,SP,3632,2025
3505104,Barbosa,SP,5627,2025
3505203,Bariri,SP,32406,2025
3505302,Barra Bonita,SP,35129,2025
3505351,Barra do Chapéu,SP,5254,2025
3505401,Barra do Turvo,SP,6894,2025
3505500,Barretos,SP,126957,2025
3505609,Barrinha,SP,33304,2025
3505708,Barueri,SP,333737,2025
3505807,Bastos,SP,21936,2025
3505906,Batatais,SP,59939,2025
3506003,Bauru,SP,392947,2025
3506102,Bebedouro,SP,78257,2025
3506201,Bento de Abreu,SP,2640,2025
3506300,Bernardino de Campos,SP,11881,2025
3506359,Bertioga,SP,67436,2025
3506409,Bilac,SP,7464,2025
3506508,Birigui,SP,123340,2025
3506607,Biritiba Mirim,SP,30564,2025
3506706,Boa Esperança do Sul,SP,13113,2025
3506805,Bocaina,SP,11480,2025
3506904,Bofete,SP,10710,2025
3507001,Boituva,SP,63850,2025
3507100,Bom Jesus dos Perdões,SP,22579,2025
3507159,Bom Sucesso de Itararé,SP,3609,2025
3507209,Borá,SP,932,2025
3507308,Boracéia,SP,4838,2025
3507407,Borborema,SP,14405,2025
3507456,Borebi,SP,2801,2025
3507506,Botucatu,SP,151053,2025
3507605,Bragança Paulista,SP,185688,2025
3507704,Braúna,SP,5477,2025
3507753,Brejo Alegre,SP,2605,2025
3507803,Brodowski,SP,26314,2025
3507902,Brotas,SP,24501,2025
3508009,Buri,SP,20731,2025
3508108,Buritama,SP,17658,2025
3508207,Buritizal,SP,4458,2025
3508306,Cabrália Paulista,SP,4360,2025
3508405,Cabreúva,SP,48654,2025
3508504,Caçapava,SP,100071,2025
3508603,Cachoeira Paulista,SP,32534,2025
3508702,Caconde,SP,17228,2025
3508801,Cafelândia,SP,16907,2025
3508900,Caiabu,SP,3726,2025
3509007,Caieiras,SP,98549,2025
3509106,Caiuá,SP,5599,2025
3509205,Cajamar,SP,98365,2025
3509254,Cajati,SP,29262,2025
3509304,Cajobi,SP,9210,2025
3509403,Cajuru,SP,24233,2025
3509452,Campina do Monte Alegre,SP,6090,2025
3509502,Campinas,SP,1187974,2025
3509601,Campo Limpo Paulista,SP,79781,2025
3509700,Campos do Jordão,SP,47956,2025
3509809,Campos Novos Paulista,SP,5003,2025
3509908,Cananéia,SP,12491,2025
3509957,Canas,SP,5068,2025
3510005,Cândido Mota,SP,30157,2025
3510104,Cândido Rodrigues,SP,2959,2025
3510153,Canitar,SP,6589,2025
3510203,Capão Bonito,SP,47409,2025
3510302,Capela do Alto,SP,23777,2025
3510401,Capivari,SP,51369,2025
3510500,Caraguatatuba,SP,142248,2025
3510609,Carapicuíba,SP,398236,2025
3510708,Cardoso,SP,11476,2025
3510807,Casa Branca,SP,28779,2025
3510906,Cássia dos Coqueiros,SP,2861,2025
3511003,Castilho,SP,20485,2025
3511102,Catanduva,SP,119275,2025
3511201,Catiguá,SP,7101,2025
3511300,Cedral,SP,13314,2025
3511409,Cerqueira César,SP,22210,2025
3511508,Cerquilho,SP,46391,2025
3511607,Cesário Lange,SP,19707,2025
3511706,Charqueada,SP,15814,2025
3511904,Clementina,SP,7084,2025
3512001,Colina,SP,18880,2025
3512100,Colômbia,SP,6802,2025
3512209,Conchal,SP,29132,2025
3512308,Conchas,SP,15345,2025
3512407,Cordeirópolis,SP,25286,2025
3512506,Coroados,SP,5504,2025
3512605,Coronel Macedo,SP,4271,2025
3512704,Corumbataí,SP,4296,2025
3512803,Cosmópolis,SP,61167,2025
3512902,Cosmorama,SP,9019,2025
3513009,Cotia,SP,289493,2025
3513108,Cravinhos,SP,34307,2025
3513207,Cristais Paulista,SP,9600,2025
3513306,Cruzália,SP,2123,2025
3513405,Cruzeiro,SP,76444,2025
3513504,Cubatão,SP,114870,2025
3513603,Cunha,SP,22460,2025
3513702,Descalvado,SP,32663,2025
3513801,Diadema,SP,403579,2025
3513850,Dirce Reis,SP,1639,2025
3513900,Divinolândia,SP,11305,2025
3514007,Dobrada,SP,8986,2025
3514106,Dois Córregos,SP,24847,2025
3514205,Dolcinópolis,SP,2254,2025
3514304,Dourado,SP,8169,2025
3514403,Dracena,SP,46735,2025
3514502,Duartina,SP,12532,2025
3514601,Dumont,SP,9764,2025
3514700,Echaporã,SP,6291,2025
3514809,Eldorado,SP,13109,2025
3514908,Elias Fausto,SP,18168,2025
3514924,Elisiário,SP,3190,2025
3514957,Embaúba,SP,2349,2025
3515004,Embu das Artes,SP,259788,2025
3515103,Embu-Guaçu,SP,68913,2025
3515129,Emilianópolis,SP,3061,2025
3515152,Engenheiro Coelho,SP,20261,2025
3515186,Espírito Santo do Pinhal,SP,40610,2025
3515194,Espírito Santo do Turvo,SP,4214,2025
3515202,Estrela d'Oeste,SP,9696,2025
3515301,Estrela do Norte,SP,2751,2025
3515350,Euclides da Cunha Paulista,SP,7883,2025
3515400,Fartura,SP,17029,2025
3515509,Fernandópolis,SP,73508,2025
3515608,Fernando Prestes,SP,6080,2025
3515657,Fernão,SP,1692,2025
3515707,Ferraz de Vasconcelos,SP,186479,2025
3515806,Flora Rica,SP,1483,2025
3515905,Floreal,SP,2747,2025
3516002,Flórida Paulista,SP,13175,2025
3516101,Florínea,SP,4022,2025
3516200,Franca,SP,365494,2025
3516309,Francisco Morato,SP,171476,2025
3516408,Franco da Rocha,SP,150241,2025
3516507,Gabriel Monteiro,SP,2813,2025
3516606,Gália,SP,6413,2025
3516705,Garça,SP,43081,2025
3516804,Gastão Vidigal,SP,3203,2025
3516853,Gavião Peixoto,SP,4806,2025
3516903,General Salgado,SP,10437,2025
3517000,Getulina,SP,10337,2025
3517109,Glicério,SP,4158,2025
3517208,Guaiçara,SP,11478,2025
3517307,Guaimbê,SP,5609,2025
3517406,Guaíra,SP,40489,2025
3517505,Guapiaçu,SP,22445,2025
3517604,Guapiara,SP,17225,2025
3517703,Guará,SP,18748,2025
3517802,Guaraçaí,SP,7453,2025
3517901,Guaraci,SP,10554,2025
3518008,Guarani d'Oeste,SP,1999,2025
3518107,Guarantã,SP,6532,2025
3518206,Guararapes,SP,31888,2025
3518305,Guararema,SP,32620,2025
3518404,Guaratinguetá,SP,121916,2025
3518503,Guareí,SP,15285,2025
3518602,Guariba,SP,38678,2025
3518701,Guarujá,SP,294871,2025
3518800,Guarulhos,SP,1349100,2025
3518859,Guatapará,SP,7474,2025
3518909,Guzolândia,SP,4259,2025
3519006,Herculândia,SP,9316,2025
3519055,Holambra,SP,15718,2025
3519071,Hortolândia,SP,248842,2025
3519105,Iacanga,SP,10648,2025
3519204,Iacri,SP,6197,2025
3519253,Iaras,SP,8313,2025
3519303,Ibaté,SP,33160,2025
3519402,Ibirá,SP,11952,2025
3519501,Ibirarema,SP,6450,2025
3519600,Ibitinga,SP,62143,2025
3519709,Ibiúna,SP,77801,2025
3519808,Icém,SP,7982,2025
3519907,Iepê,SP,7739,2025
3520004,Igaraçu do Tietê,SP,23421,2025
3520103,Igarapava,SP,26696,2025
3520202,Igaratá,SP,10984,2025
3520301,Iguape,SP,29891,2025
3520400,Ilhabela,SP,36559,2025
3520426,Ilha Comprida,SP,14104,2025
3520442,Ilha Solteira,SP,26257,2025
3520509,Indaiatuba,SP,269657,2025
3520608,Indiana,SP,5200,2025
3520707,Indiaporã,SP,4113,2025
3520806,Inúbia Paulista,SP,3671,2025
3520905,Ipaussu,SP,13935,2025
3521002,Iperó,SP,38277,2025
3521101,Ipeúna,SP,7027,2025
3521150,Ipiguá,SP,7115,2025
3521200,Iporanga,SP,4083,2025
3521309,Ipuã,SP,14701,2025
3521408,Iracemápolis,SP,22500,2025
3521507,Irapuã,SP,6932,2025
3521606,Irapuru,SP,7120,2025
3521705,Itaberá,SP,18263,2025
3521804,Itaí,SP,25979,2025
3521903,Itajobi,SP,17502,2025
3522000,Itaju,SP,3715,2025
3522109,Itanhaém,SP,118495,2025
3522158,Itaoca,SP,3497,2025
3522208,Itapecerica da Serra,SP,163003,2025
3522307,Itapetininga,SP,164256,2025
3522406,Itapeva,SP,92393,2025
3522505,Itapevi,SP,242995,2025
3522604,Itapira,SP,74038,2025
3522653,Itapirapuã Paulista,SP,4420,2025
3522703,Itápolis,SP,40445,2025
3522802,Itaporanga,SP,14245,2025
3522901,Itapuí,SP,14035,2025
3523008,Itapura,SP,4002,2025
3523107,Itaquaquecetuba,SP,382983,2025
3523206,Itararé,SP,45213,2025
3523305,Itariri,SP,15916,2025
3523404,Itatiba,SP,127112,2025
3523503,Itatinga,SP,19462,2025
3523602,Itirapina,SP,16454,2025
3523701,Itirapuã,SP,5857,2025
3523800,Itobi,SP,8227,2025
3523909,Itu,SP,175047,2025
3524006,Itupeva,SP,74994,2025
3524105,Ituverava,SP,38413,2025
3524204,Jaborandi,SP,6280,2025
3524303,Jaboticabal,SP,73473,2025
3524402,Jacareí,SP,250952,2025
3524501,Jaci,SP,7944,2025
3524600,Jacupiranga,SP,16216,2025
3524709,Jaguariúna,SP,62309,2025
3524808,Jales,SP,50078,2025
3524907,Jambeiro,SP,6611,2025
3525003,Jandira,SP,121550,2025
3525102,Jardinópolis,SP,47125,2025
3525201,Jarinu,SP,40007,2025
3525300,Jaú,SP,137409,2025
3525409,Jeriquara,SP,4000,2025
3525508,Joanópolis,SP,13131,2025
3525607,João Ramalho,SP,4464,2025
3525706,José Bonifácio,SP,37992,2025
3525805,Júlio Mesquita,SP,4302,2025
3525854,Jumirim,SP,3132,2025
3525904,Jundiaí,SP,463039,2025
3526001,Junqueirópolis,SP,20939,2025
3526100,Juquiá,SP,17184,2025
3526209,Juquitiba,SP,27969,2025
3526308,Lagoinha,SP,5183,2025
3526407,Laranjal Paulista,SP,27044,2025
3526506,Lavínia,SP,9940,2025
3526605,Lavrinhas,SP,7348,2025
3526704,Leme,SP,101537,2025
3526803,Lençóis Paulista,SP,68568,2025
3526902,Limeira,SP,301292,2025
3527009,Lindóia,SP,7158,2025
3527108,Lins,SP,76844,2025
3527207,Lorena,SP,87468,2025
3527256,Lourdes,SP,1962,2025
3527306,Louveira,SP,54865,2025
3527405,Lucélia,SP,20378,2025
3527504,Lucianópolis,SP,2423,2025
3527603,Luís Antônio,SP,12564,2025
3527702,Luiziânia,SP,4740,2025
3527801,Lupércio,SP,4004,2025
3527900,Lutécia,SP,2697,2025
3528007,Macatuba,SP,17140,2025
3528106,Macaubal,SP,7581,2025
3528205,Macedônia,SP,4058,2025
3528304,Magda,SP,3211,2025
3528403,Mairinque,SP,51888,2025
3528502,Mairiporã,SP,97835,2025
3528601,Manduri,SP,10122,2025
3528700,Marabá Paulista,SP,4619,2025
3528809,Maracaí,SP,12804,2025
3528858,Marapoama,SP,3415,2025
3528908,Mariápolis,SP,3526,2025
3529005,Marília,SP,247348,2025
3529104,Marinópolis,SP,1862,2025
3529203,Martinópolis,SP,25240,2025
3529302,Matão,SP,81075,2025
3529401,Mauá,SP,429014,2025
3529500,Mendonça,SP,6420,2025
3529609,Meridiano,SP,4721,2025
3529658,Mesópolis,SP,1990,2025
3529708,Miguelópolis,SP,19621,2025
3529807,Mineiros do Tietê,SP,11322,2025
3529906,Miracatu,SP,18610,2025
3530003,Mira Estrela,SP,3209,2025
3530102,Mirandópolis,SP,28754,2025
3530201,Mirante do Paranapanema,SP,16031,2025
3530300,Mirassol,SP,65811,2025
3530409,Mirassolândia,SP,4783,2025
3530508,Mococa,SP,69372,2025
3530607,Mogi das Cruzes,SP,470302,2025
3530706,Mogi Guaçu,SP,160318,2025
3530805,Mogi Mirim,SP,95742,2025
3530904,Mombuca,SP,3830,2025
3531001,Monções,SP,1947,2025
3531100,Mongaguá,SP,64845,2025
3531209,Monte Alegre do Sul,SP,8923,2025
3531308,Monte Alto,SP,48758,2025
3531407,Monte Aprazível,SP,22668,2025
3531506,Monte Azul Paulista,SP,18337,2025
3531605,Monte Castelo,SP,4306,2025
3531704,Monteiro Lobato,SP,4205,2025
3531803,Monte Mor,SP,67832,2025
3531902,Morro Agudo,SP,28521,2025
3532009,Morungaba,SP,14147,2025
3532058,Motuca,SP,4071,2025
3532108,Murutinga do Sul,SP,3748,2025
3532157,Nantes,SP,2697,2025
3532207,Narandiba,SP,5956,2025
3532306,Natividade da Serra,SP,7155,2025
3532405,Nazaré Paulista,SP,18675,2025
3532504,Neves Paulista,SP,9953,2025
3532603,Nhandeara,SP,9915,2025
3532702,Nipoã,SP,4876,2025
3532801,Nova Aliança,SP,6885,2025
3532827,Nova Campina,SP,8630,2025
3532843,Nova Canaã Paulista,SP,2055,2025
3532868,Nova Castilho,SP,1072,2025
3532900,Nova Europa,SP,9459,2025
3533007,Nova Granada,SP,19733,2025
3533106,Nova Guataporanga,SP,2188,2025
3533205,Nova Independência,SP,4847,2025
3533254,Novais,SP,4463,2025
3533304,Nova Luzitânia,SP,2817,2025
3533403,Nova Odessa,SP,64596,2025
3533502,Novo Horizonte,SP,39494,2025
3533601,Nuporanga,SP,7570,2025
3533700,Ocauçu,SP,4418,2025
3533809,Óleo,SP,2535,2025
3533908,Olímpia,SP,56874,2025
3534005,Onda Verde,SP,4942,2025
3534104,Oriente,SP,6180,2025
3534203,Orindiúva,SP,6157,2025
3534302,Orlândia,SP,39144,2025
3534401,Osasco,SP,759524,2025
3534500,Oscar Bressane,SP,2502,2025
3534609,Osvaldo Cruz,SP,32112,2025
3534708,Ourinhos,SP,106911,2025
3534757,Ouroeste,SP,10660,2025
3534807,Ouro Verde,SP,7900,2025
3534906,Pacaembu,SP,15273,2025
3535002,Palestina,SP,11704,2025
3535101,Palmares Paulista,SP,9666,2025
3535200,Palmeira d'Oeste,SP,8971,2025
3535309,Palmital,SP,19714,2025
3535408,Panorama,SP,15227,2025
3535507,Paraguaçu Paulista,SP,42049,2025
3535606,Paraibuna,SP,17959,2025
3535705,Paraíso,SP,6218,2025
3535804,Paranapanema,SP,19853,2025
3535903,Paranapuã,SP,4118,2025
3536000,Parapuã,SP,10720,2025
3536109,Pardinho,SP,7435,2025
3536208,Pariquera-Açu,SP,19603,2025
3536257,Parisi,SP,3030,2025
3536307,Patrocínio Paulista,SP,14888,2025
3536406,Paulicéia,SP,8255,2025
3536505,Paulínia,SP,116674,2025
3536570,Paulistânia,SP,2156,2025
3536604,Paulo de Faria,SP,7390,2025
3536703,Pederneiras,SP,46337,2025
3536802,Pedra Bela,SP,6745,2025
3536901,Pedranópolis,SP,2856,2025
3537008,Pedregulho,SP,15737,2025
3537107,Pedreira,SP,44385,2025
3537156,Pedrinhas Paulista,SP,2833,2025
3537206,Pedro de Toledo,SP,11617,2025
3537305,Penápolis,SP,63426,2025
3537404,Pereira Barreto,SP,24360,2025
3537503,Pereiras,SP,9013,2025
3537602,Peruíbe,SP,70629,2025
3537701,Piacatu,SP,5631,2025
3537800,Piedade,SP,54266,2025
3537909,Pilar do Sul,SP,28459,2025
3538006,Pindamonhangaba,SP,172681,2025
3538105,Pindorama,SP,14704,2025
3538204,Pinhalzinho,SP,15676,2025
3538303,Piquerobi,SP,3287,2025
3538501,Piquete,SP,12516,2025
3538600,Piracaia,SP,26795,2025
3538709,Piracicaba,SP,440835,2025
3538808,Piraju,SP,30294,2025
3538907,Pirajuí,SP,22734,2025
3539004,Pirangi,SP,11085,2025
3539103,Pirapora do Bom Jesus,SP,18925,2025
3539202,Pirapozinho,SP,26097,2025
3539301,Pirassununga,SP,75594,2025
3539400,Piratininga,SP,15657,2025
3539509,Pitangueiras,SP,34361,2025
3539608,Planalto,SP,4451,2025
3539707,Platina,SP,3055,2025
3539806,Poá,SP,106355,2025
3539905,Poloni,SP,5702,2025
3540002,Pompéia,SP,20520,2025
3540101,Pongaí,SP,3440,2025
3540200,Pontal,SP,38286,2025
3540259,Pontalinda,SP,4198,2025
3540309,Pontes Gestal,SP,2411,2025
3540408,Populina,SP,4182,2025
3540507,Porangaba,SP,10850,2025
3540606,Porto Feliz,SP,58605,2025
3540705,Porto Ferreira,SP,53966,2025
3540754,Potim,SP,20801,2025
3540804,Potirendaba,SP,19097,2025
3540853,Pracinha,SP,2589,2025
3540903,Pradópolis,SP,17299,2025
3541000,Praia Grande,SP,368539,2025
3541059,Pratânia,SP,5264,2025
3541109,Presidente Alves,SP,3830,2025
3541208,Presidente Bernardes,SP,14803,2025
3541307,Presidente Epitácio,SP,40322,2025
3541406,Presidente Prudente,SP,234706,2025
3541505,Presidente Venceslau,SP,35810,2025
3541604,Promissão,SP,35973,2025
3541653,Quadra,SP,3477,2025
3541703,Quatá,SP,13412,2025
3541802,Queiroz,SP,3366,2025
3541901,Queluz,SP,9074,2025
3542008,Quintana,SP,7260,2025
3542107,Rafard,SP,9145,2025
3542206,Rancharia,SP,29387,2025
3542305,Redenção da Serra,SP,4637,2025
3542404,Regente Feijó,SP,20620,2025
3542503,Reginópolis,SP,7820,2025
3542602,Registro,SP,61927,2025
3542701,Restinga,SP,6486,2025
3542800,Ribeira,SP,3158,2025
3542909,Ribeirão Bonito,SP,11040,2025
3543006,Ribeirão Branco,SP,18942,2025
3543105,Ribeirão Corrente,SP,4717,2025
3543204,Ribeirão do Sul,SP,4776,2025
3543238,Ribeirão dos Índios,SP,2040,2025
3543253,Ribeirão Grande,SP,7571,2025
3543303,Ribeirão Pires,SP,118954,2025
3543402,Ribeirão Preto,SP,731639,2025
3543501,Riversul,SP,5628,2025
3543600,Rifaina,SP,4179,2025
3543709,Rincão,SP,9101,2025
3543808,Rinópolis,SP,9334,2025
3543907,Rio Claro,SP,210323,2025
3544004,Rio das Pedras,SP,32329,2025
3544103,Rio Grande da Serra,SP,45324,2025
3544202,Riolândia,SP,10444,2025
3544251,Rosana,SP,17434,2025
3544301,Roseira,SP,11137,2025
3544400,Rubiácea,SP,2740,2025
3544509,Rubinéia,SP,3998,2025
3544608,Sabino,SP,5182,2025
3544707,Sagres,SP,2522,2025
3544806,Sales,SP,6645,2025
3544905,Sales Oliveira,SP,11683,2025
3545001,Salesópolis,SP,15381,2025
3545100,Salmourão,SP,4883,2025
3545159,Saltinho,SP,8407,2025
3545209,Salto,SP,141111,2025
3545308,Salto de Pirapora,SP,45262,2025
3545407,Salto Grande,SP,9221,2025
3545506,Sandovalina,SP,3697,2025
3545605,Santa Adélia,SP,14193,2025
3545704,Santa Albertina,SP,6566,2025
3545803,Santa Bárbara d'Oeste,SP,189456,2025
3546009,Santa Branca,SP,14219,2025
3546108,Santa Clara d'Oeste,SP,2694,2025
3546207,Santa Cruz da Conceição,SP,4375,2025
3546256,Santa Cruz da Esperança,SP,2168,2025
3546306,Santa Cruz das Palmeiras,SP,29489,2025
3546405,Santa Cruz do Rio Pardo,SP,47759,2025
3546504,Santa Ernestina,SP,6274,2025
3546603,Santa Fé do Sul,SP,36288,2025
3546702,Santa Gertrudes,SP,23192,2025
3546801,Santa Isabel,SP,54691,2025
3546900,Santa Lúcia,SP,7144,2025
3547007,Santa Maria da Serra,SP,5308,2025
3547106,Santa Mercedes,SP,3017,2025
3547205,Santana da Ponte Pensa,SP,1699,2025
3547304,Santana de Parnaíba,SP,163787,2025
3547403,Santa Rita d'Oeste,SP,2796,2025
3547502,Santa Rita do Passa Quatro,SP,24996,2025
3547601,Santa Rosa de Viterbo,SP,23710,2025
3547650,Santa Salete,SP,1692,2025
3547700,Santo Anastácio,SP,17960,2025
3547809,Santo André,SP,782048,2025
3547908,Santo Antônio da Alegria,SP,6933,2025
3548005,Santo Antônio de Posse,SP,23867,2025
3548054,Santo Antônio do Aracanguá,SP,8593,2025
3548104,Santo Antônio do Jardim,SP,6243,2025
3548203,Santo Antônio do Pinhal,SP,7314,2025
3548302,Santo Expedito,SP,3069,2025
3548401,Santópolis do Aguapeí,SP,3921,2025
3548500,Santos,SP,429547,2025
3548609,São Bento do Sapucaí,SP,11989,2025
3548708,São Bernardo do Campo,SP,841154,2025
3548807,São Caetano do Sul,SP,172693,2025
3548906,São Carlos,SP,266427,2025
3549003,São Francisco,SP,2623,2025
3549102,São João da Boa Vista,SP,96080,2025
3549201,São João das Duas Pontes,SP,2623,2025
3549250,São João de Iracema,SP,1882,2025
3549300,São João do Pau d'Alho,SP,2293,2025
3549409,São Joaquim da Barra,SP,49885,2025
3549508,São José da Bela Vista,SP,7664,2025
3549607,São José do Barreiro,SP,3888,2025
3549706,São José do Rio Pardo,SP,53427,2025
3549805,São José do Rio Preto,SP,504166,2025
3549904,São José dos Campos,SP,727078,2025
3549953,São Lourenço da Serra,SP,16479,2025
3550001,São Luiz do Paraitinga,SP,10487,2025
3550100,São Manuel,SP,38131,2025
3550209,São Miguel Arcanjo,SP,32924,2025
3550308,São Paulo,SP,11904961,2025
3550407,São Pedro,SP,39855,2025
3550506,São Pedro do Turvo,SP,7333,2025
3550605,São Roque,SP,81366,2025
3550704,São Sebastião,SP,84280,2025
3550803,São Sebastião da Grama,SP,10428,2025
3550902,São Simão,SP,13560,2025
3551009,São Vicente,SP,338326,2025
3551108,Sarapuí,SP,10677,2025
3551207,Sarutaiá,SP,3772,2025
3551306,Sebastianópolis do Sul,SP,3191,2025
3551405,Serra Azul,SP,13108,2025
3551504,Serrana,SP,45580,2025
3551603,Serra Negra,SP,31047,2025
3551702,Sertãozinho,SP,132176,2025
3551801,Sete Barras,SP,12903,2025
3551900,Severínia,SP,14693,2025
3552007,Silveiras,SP,6329,2025
3552106,Socorro,SP,41527,2025
3552205,Sorocaba,SP,762172,2025
3552304,Sud Mennucci,SP,7464,2025
3552403,Sumaré,SP,291116,2025
3552502,Suzano,SP,320261,2025
3552551,Suzanápolis,SP,3465,2025
3552601,Tabapuã,SP,11498,2025
3552700,Tabatinga,SP,14997,2025
3552809,Taboão da Serra,SP,285307,2025
3552908,Taciba,SP,6418,2025
3553005,Taguaí,SP,13068,2025
3553104,Taiaçu,SP,5744,2025
3553203,Taiúva,SP,6770,2025
3553302,Tambaú,SP,21650,2025
3553401,Tanabi,SP,26071,2025
3553500,Tapiraí,SP,8122,2025
3553609,Tapiratiba,SP,11903,2025
3553658,Taquaral,SP,2649,2025
3553708,Taquaritinga,SP,53264,2025
3553807,Taquarituba,SP,24932,2025
3553856,Taquarivaí,SP,7170,2025
3553906,Tarabai,SP,6633,2025
3553955,Tarumã,SP,15315,2025
3554003,Tatuí,SP,129130,2025
3554102,Taubaté,SP,322397,2025
3554201,Tejupá,SP,4119,2025
3554300,Teodoro Sampaio,SP,22598,2025
3554409,Terra Roxa,SP,7965,2025
3554508,Tietê,SP,38723,2025
3554607,Timburi,SP,2484,2025
3554656,Torre de Pedra,SP,2056,2025
3554706,Torrinha,SP,9484,2025
3554755,Trabiju,SP,1724,2025
3554805,Tremembé,SP,53426,2025
3554904,Três Fronteiras,SP,7060,2025
3554953,Tuiuti,SP,6976,2025
3555000,Tupã,SP,65433,2025
3555109,Tupi Paulista,SP,16259,2025
3555208,Turiúba,SP,1835,2025
3555307,Turmalina,SP,1662,2025
3555356,Ubarana,SP,5458,2025
3555406,Ubatuba,SP,97096,2025
3555505,Ubirajara,SP,5289,2025
3555604,Uchoa,SP,10670,2025
3555703,União Paulista,SP,1628,2025
3555802,Urânia,SP,8973,2025
3555901,Uru,SP,1424,2025
3556008,Urupês,SP,14073,2025
3556107,Valentim Gentil,SP,14634,2025
3556206,Valinhos,SP,132258,2025
3556305,Valparaíso,SP,24779,2025
3556354,Vargem,SP,10863,2025
3556404,Vargem Grande do Sul,SP,41256,2025
3556453,Vargem Grande Paulista,SP,52352,2025
3556503,Várzea Paulista,SP,119655,2025
3556602,Vera Cruz,SP,10274,2025
3556701,Vinhedo,SP,79089,2025
3556800,Viradouro,SP,17685,2025
3556909,Vista Alegre do Alto,SP,8368,2025
3556958,Vitória Brasil,SP,1828,2025
3557006,Votorantim,SP,133510,2025
3557105,Votuporanga,SP,100568,2025
3557154,Zacarias,SP,2773,2025
3557204,Chavantes,SP,12415,2025
3557303,Estiva Gerbi,SP,11609,2025
4100103,Abatiá,PR,7233,2025
4100202,Adrianópolis,PR,6319,2025
4100301,Agudos do Sul,PR,10770,2025
4100400,Almirante Tamandaré,PR,125861,2025
4100459,Altamira do Paraná,PR,3496,2025
4100509,Altônia,PR,18634,2025
4100608,Alto Paraná,PR,14183,2025
4100707,Alto Piquiri,PR,9771,2025
4100806,Alvorada do Sul,PR,10481,2025
4100905,Amaporã,PR,4688,2025
4101002,Ampére,PR,20337,2025
4101051,Anahy,PR,2971,2025
4101101,Andirá,PR,19989,2025
4101150,Ângulo,PR,3357,2025
4101200,Antonina,PR,18140,2025
4101309,Antônio Olinto,PR,7048,2025
4101408,Apucarana,PR,134910,2025
4101507,Arapongas,PR,124838,2025
4101606,Arapoti,PR,26325,2025
4101655,Arapuã,PR,3573,2025
4101705,Araruna,PR,14894,2025
4101804,Araucária,PR,162247,2025
4101853,Ariranha do Ivaí,PR,2351,2025
4101903,Assaí,PR,13477,2025
4102000,Assis Chateaubriand,PR,38357,2025
4102109,Astorga,PR,26203,2025
4102208,Atalaia,PR,4046,2025
4102307,Balsa Nova,PR,13867,2025
4102406,Bandeirantes,PR,31747,2025
4102505,Barbosa Ferraz,PR,10580,2025
4102604,Barracão,PR,9903,2025
4102703,Barra do Jacaré,PR,2872,2025
4102752,Bela Vista da Caroba,PR,4122,2025
4102802,Bela Vista do Paraíso,PR,14982,2025
4102901,Bituruna,PR,15650,2025
4103008,Boa Esperança,PR,4595,2025
4103024,Boa Esperança do Iguaçu,PR,2421,2025
4103040,Boa Ventura de São Roque,PR,6241,2025
4103057,Boa Vista da Aparecida,PR,8023,2025
4103107,Bocaiúva do Sul,PR,13405,2025
4103156,Bom Jesus do Sul,PR,4072,2025
4103206,Bom Sucesso,PR,6674,2025
4103222,Bom Sucesso do Sul,PR,3244,2025
4103305,Borrazópolis,PR,7818,2025
4103354,Braganey,PR,4745,2025
4103370,Brasilândia do Sul,PR,3861,2025
4103404,Cafeara,PR,2648,2025
4103453,Cafelândia,PR,20145,2025
4103479,Cafezal do Sul,PR,4580,2025
4103503,Califórnia,PR,8963,2025
4103602,Cambará,PR,23393,2025
4103701,Cambé,PR,110923,2025
4103800,Cambira,PR,10045,2025
4103909,Campina da Lagoa,PR,16014,2025
4103958,Campina do Simão,PR,3954,2025
4104006,Campina Grande do Sul,PR,50600,2025
4104055,Campo Bonito,PR,3997,2025
4104105,Campo do Tenente,PR,7693,2025
4104204,Campo Largo,PR,144504,2025
4104253,Campo Magro,PR,31888,2025
4104303,Campo Mourão,PR,104122,2025
4104402,Cândido de Abreu,PR,15081,2025
4104428,Candói,PR,15174,2025
4104451,Cantagalo,PR,10672,2025
4104501,Capanema,PR,21088,2025
4104600,Capitão Leônidas Marques,PR,14776,2025
4104659,Carambeí,PR,24469,2025
4104709,Carlópolis,PR,17788,2025
4104808,Cascavel,PR,368195,2025
4104907,Castro,PR,75644,2025
4105003,Catanduvas,PR,10621,2025
4105102,Centenário do Sul,PR,10903,2025
4105201,Cerro Azul,PR,16287,2025
4105300,Céu Azul,PR,11255,2025
4105409,Chopinzinho,PR,21604,2025
4105508,Cianorte,PR,82988,2025
4105607,Cidade Gaúcha,PR,11705,2025
4105706,Clevelândia,PR,14833,2025
4105805,Colombo,PR,241672,2025
4105904,Colorado,PR,23313,2025
4106001,Congonhinhas,PR,8445,2025
4106100,Conselheiro Mairinck,PR,3474,2025
4106209,Contenda,PR,20006,2025
4106308,Corbélia,PR,17933,2025
4106407,Cornélio Procópio,PR,45720,2025
4106456,Coronel Domingos Soares,PR,5427,2025
4106506,Coronel Vivida,PR,24010,2025
4106555,Corumbataí do Sul,PR,3770,2025
4106571,Cruzeiro do Iguaçu,PR,4129,2025
4106605,Cruzeiro do Oeste,PR,24859,2025
4106704,Cruzeiro do Sul,PR,4543,2025
4106803,Cruz Machado,PR,15759,2025
4106852,Cruzmaltina,PR,2870,2025
4106902,Curitiba,PR,1830795,2025
4107009,Curiúva,PR,13784,2025
4107108,Diamante do Norte,PR,5139,2025
4107124,Diamante do Sul,PR,3147,2025
4107157,Diamante D'Oeste,PR,4513,2025
4107207,Dois Vizinhos,PR,47589,2025
4107256,Douradina,PR,9631,2025
4107306,Doutor Camargo,PR,6517,2025
4107405,Enéas Marques,PR,6146,2025
4107504,Engenheiro Beltrão,PR,12347,2025
4107520,Esperança Nova,PR,1852,2025
4107538,Entre Rios do Oeste,PR,4770,2025
4107546,Espigão Alto do Iguaçu,PR,4880,2025
4107553,Farol,PR,2994,2025
4107603,Faxinal,PR,16596,2025
4107652,Fazenda Rio Grande,PR,165943,2025
4107702,Fênix,PR,4488,2025
4107736,Fernandes Pinheiro,PR,6400,2025
4107751,Figueira,PR,8129,2025
4107801,Floraí,PR,4805,2025
4107850,Flor da Serra do Sul,PR,4342,2025
4107900,Floresta,PR,11522,2025
4108007,Florestópolis,PR,11653,2025
4108106,Flórida,PR,2711,2025
4108205,Formosa do Oeste,PR,7763,2025
4108304,Foz do Iguaçu,PR,297352,2025
4108320,Francisco Alves,PR,8573,2025
4108403,Francisco Beltrão,PR,102312,2025
4108452,Foz do Jordão,PR,4893,2025
4108502,General Carneiro,PR,10691,2025
4108551,Godoy Moreira,PR,2911,2025
4108601,Goioerê,PR,28931,2025
4108650,Goioxim,PR,6469,2025
4108700,Grandes Rios,PR,5527,2025
4108809,Guaíra,PR,33058,2025
4108908,Guairaçá,PR,6762,2025
4108957,Guamiranga,PR,7916,2025
4109005,Guapirama,PR,4857,2025
4109104,Guaporema,PR,2210,2025
4109203,Guaraci,PR,4743,2025
4109302,Guaraniaçu,PR,13770,2025
4109401,Guarapuava,PR,189630,2025
4109500,Guaraqueçaba,PR,7446,2025
4109609,Guaratuba,PR,44913,2025
4109658,Honório Serpa,PR,4803,2025
4109708,Ibaiti,PR,29464,2025
4109757,Ibema,PR,6343,2025
4109807,Ibiporã,PR,53276,2025
4109906,Icaraíma,PR,9149,2025
4110003,Iguaraçu,PR,5693,2025
4110052,Iguatu,PR,2156,2025
4110078,Imbaú,PR,15068,2025
4110102,Imbituva,PR,30849,2025
4110201,Inácio Martins,PR,9555,2025
4110300,Inajá,PR,2481,2025
4110409,Indianópolis,PR,4544,2025
4110508,Ipiranga,PR,14317,2025
4110607,Iporã,PR,16102,2025
4110656,Iracema do Oeste,PR,2328,2025
4110706,Irati,PR,61004,2025
4110805,Iretama,PR,10832,2025
4110904,Itaguajé,PR,4530,2025
4110953,Itaipulândia,PR,12116,2025
4111001,Itambaracá,PR,5819,2025
4111100,Itambé,PR,6228,2025
4111209,Itapejara d'Oeste,PR,12869,2025
4111258,Itaperuçu,PR,33310,2025
4111308,Itaúna do Sul,PR,3607,2025
4111407,Ivaí,PR,13476,2025
4111506,Ivaiporã,PR,33566,2025
4111555,Ivaté,PR,6788,2025
4111605,Ivatuba,PR,2685,2025
4111704,Jaboti,PR,5655,2025
4111803,Jacarezinho,PR,41493,2025
4111902,Jaguapitã,PR,15908,2025
4112009,Jaguariaíva,PR,36384,2025
4112108,Jandaia do Sul,PR,21930,2025
4112207,Janiópolis,PR,5807,2025
4112306,Japira,PR,5054,2025
4112405,Japurá,PR,9393,2025
4112504,Jardim Alegre,PR,12138,2025
4112603,Jardim Olinda,PR,1349,2025
4112702,Jataizinho,PR,11996,2025
4112751,Jesuítas,PR,10954,2025
4112801,Joaquim Távora,PR,12341,2025
4112900,Jundiaí do Sul,PR,3372,2025
4112959,Juranda,PR,7899,2025
4113007,Jussara,PR,6786,2025
4113106,Kaloré,PR,4666,2025
4113205,Lapa,PR,45878,2025
4113254,Laranjal,PR,5525,2025
4113304,Laranjeiras do Sul,PR,33179,2025
4113403,Leópolis,PR,3725,2025
4113429,Lidianópolis,PR,3987,2025
4113452,Lindoeste,PR,5217,2025
4113502,Loanda,PR,23966,2025
4113601,Lobato,PR,4707,2025
4113700,Londrina,PR,581382,2025
4113734,Luiziana,PR,6659,2025
4113759,Lunardelli,PR,4864,2025
4113809,Lupionópolis,PR,4929,2025
4113908,Mallet,PR,13681,2025
4114005,Mamborê,PR,13551,2025
4114104,Mandaguaçu,PR,34521,2025
4114203,Mandaguari,PR,38313,2025
4114302,Mandirituba,PR,29104,2025
4114351,Manfrinópolis,PR,2790,2025
4114401,Mangueirinha,PR,16737,2025
4114500,Manoel Ribas,PR,14675,2025
4114609,Marechal Cândido Rondon,PR,58734,2025
4114708,Maria Helena,PR,5926,2025
4114807,Marialva,PR,44749,2025
4114906,Marilândia do Sul,PR,8761,2025
4115002,Marilena,PR,7450,2025
4115101,Mariluz,PR,9910,2025
4115200,Maringá,PR,429660,2025
4115309,Mariópolis,PR,6506,2025
4115358,Maripá,PR,6824,2025
4115408,Marmeleiro,PR,16605,2025
4115457,Marquinho,PR,4491,2025
4115507,Marumbi,PR,4780,2025
4115606,Matelândia,PR,19223,2025
4115705,Matinhos,PR,42063,2025
4115739,Mato Rico,PR,3249,2025
4115754,Mauá da Serra,PR,9689,2025
4115804,Medianeira,PR,57910,2025
4115853,Mercedes,PR,6194,2025
4115903,Mirador,PR,2248,2025
4116000,Miraselva,PR,2017,2025
4116059,Missal,PR,11423,2025
4116109,Moreira Sales,PR,11043,2025
4116208,Morretes,PR,19089,2025
4116307,Munhoz de Melo,PR,4057,2025
4116406,Nossa Senhora das Graças,PR,3669,2025
4116505,Nova Aliança do Ivaí,PR,1322,2025
4116604,Nova América da Colina,PR,3286,2025
4116703,Nova Aurora,PR,14331,2025
4116802,Nova Cantu,PR,6739,2025
4116901,Nova Esperança,PR,27142,2025
4116950,Nova Esperança do Sudoeste,PR,5783,2025
4117008,Nova Fátima,PR,7140,2025
4117057,Nova Laranjeiras,PR,12298,2025
4117107,Nova Londrina,PR,13074,2025
4117206,Nova Olímpia,PR,5982,2025
4117214,Nova Santa Bárbara,PR,4308,2025
4117222,Nova Santa Rosa,PR,8581,2025
4117255,Nova Prata do Iguaçu,PR,13340,2025
4117271,Nova Tebas,PR,6852,2025
4117297,Novo Itacolomi,PR,3227,2025
4117305,Ortigueira,PR,24706,2025
4117404,Ourizona,PR,3193,2025
4117453,Ouro Verde do Oeste,PR,7102,2025
4117503,Paiçandu,PR,48695,2025
4117602,Palmas,PR,50238,2025
4117701,Palmeira,PR,34948,2025
4117800,Palmital,PR,12879,2025
4117909,Palotina,PR,37039,2025
4118006,Paraíso do Norte,PR,13728,2025
4118105,Paranacity,PR,9549,2025
4118204,Paranaguá,PR,150104,2025
4118303,Paranapoema,PR,2352,2025
4118402,Paranavaí,PR,96209,2025
4118451,Pato Bragado,PR,6004,2025
4118501,Pato Branco,PR,97821,2025
4118600,Paula Freitas,PR,5706,2025
4118709,Paulo Frontin,PR,6414,2025
4118808,Peabiru,PR,13494,2025
4118857,Perobal,PR,7599,2025
4118907,Pérola,PR,12389,2025
4119004,Pérola d'Oeste,PR,6218,2025
4119103,Piên,PR,14409,2025
4119152,Pinhais,PR,131255,2025
4119202,Pinhalão,PR,6676,2025
4119251,Pinhal de São Bento,PR,2805,2025
4119301,Pinhão,PR,30451,2025
4119400,Piraí do Sul,PR,23977,2025
4119509,Piraquara,PR,127433,2025
4119608,Pitanga,PR,34527,2025
4119657,Pitangueiras,PR,3141,2025
4119707,Planaltina do Paraná,PR,4125,2025
4119806,Planalto,PR,14722,2025
4119905,Ponta Grossa,PR,375632,2025
4119954,Pontal do Paraná,PR,33131,2025
4120002,Porecatu,PR,11271,2025
4120101,Porto Amazonas,PR,4072,2025
4120150,Porto Barreiro,PR,3057,2025
4120200,Porto Rico,PR,3370,2025
4120309,Porto Vitória,PR,3515,2025
4120333,Prado Ferreira,PR,3816,2025
4120358,Pranchita,PR,5831,2025
4120408,Presidente Castelo Branco,PR,4304,2025
4120507,Primeiro de Maio,PR,10064,2025
4120606,Prudentópolis,PR,50946,2025
4120655,Quarto Centenário,PR,4127,2025
4120705,Quatiguá,PR,8426,2025
4120804,Quatro Barras,PR,25397,2025
4120853,Quatro Pontes,PR,4672,2025
4120903,Quedas do Iguaçu,PR,31423,2025
4121000,Querência do Norte,PR,10625,2025
4121109,Quinta do Sol,PR,5052,2025
4121208,Quitandinha,PR,18882,2025
4121257,Ramilândia,PR,4279,2025
4121307,Rancho Alegre,PR,3472,2025
4121356,Rancho Alegre D'Oeste,PR,2623,2025
4121406,Realeza,PR,20097,2025
4121505,Rebouças,PR,14825,2025
4121604,Renascença,PR,6945,2025
4121703,Reserva,PR,24878,2025
4121752,Reserva do Iguaçu,PR,6493,2025
4121802,Ribeirão Claro,PR,12856,2025
4121901,Ribeirão do Pinhal,PR,13158,2025
4122008,Rio Azul,PR,14174,2025
4122107,Rio Bom,PR,3214,2025
4122156,Rio Bonito do Iguaçu,PR,14297,2025
4122172,Rio Branco do Ivaí,PR,3841,2025
4122206,Rio Branco do Sul,PR,40308,2025
4122305,Rio Negro,PR,31951,2025
4122404,Rolândia,PR,75818,2025
4122503,Roncador,PR,11339,2025
4122602,Rondon,PR,9255,2025
4122651,Rosário do Ivaí,PR,5484,2025
4122701,Sabáudia,PR,9511,2025
4122800,Salgado Filho,PR,4090,2025
4122909,Salto do Itararé,PR,5214,2025
4123006,Salto do Lontra,PR,15706,2025
4123105,Santa Amélia,PR,3358,2025
4123204,Santa Cecília do Pavão,PR,3357,2025
4123303,Santa Cruz de Monte Castelo,PR,8840,2025
4123402,Santa Fé,PR,11730,2025
4123501,Santa Helena,PR,26461,2025
4123600,Santa Inês,PR,1745,2025
4123709,Santa Isabel do Ivaí,PR,9043,2025
4123808,Santa Izabel do Oeste,PR,14462,2025
4123824,Santa Lúcia,PR,3638,2025
4123857,Santa Maria do Oeste,PR,9869,2025
4123907,Santa Mariana,PR,10941,2025
4123956,Santa Mônica,PR,3361,2025
4124004,Santana do Itararé,PR,5646,2025
4124020,Santa Tereza do Oeste,PR,13938,2025
4124053,Santa Terezinha de Itaipu,PR,25300,2025
4124103,Santo Antônio da Platina,PR,45628,2025
4124202,Santo Antônio do Caiuá,PR,2474,2025
4124301,Santo Antônio do Paraíso,PR,2088,2025
4124400,Santo Antônio do Sudoeste,PR,24980,2025
4124509,Santo Inácio,PR,6463,2025
4124608,São Carlos do Ivaí,PR,6727,2025
4124707,São Jerônimo da Serra,PR,10884,2025
4124806,São João,PR,12297,2025
4124905,São João do Caiuá,PR,5607,2025
4125001,São João do Ivaí,PR,10639,2025
4125100,São João do Triunfo,PR,13899,2025
4125209,São Jorge d'Oeste,PR,9587,2025
4125308,São Jorge do Ivaí,PR,5170,2025
4125357,São Jorge do Patrocínio,PR,6690,2025
4125407,São José da Boa Vista,PR,6023,2025
4125456,São José das Palmeiras,PR,4031,2025
4125506,São José dos Pinhais,PR,349880,2025
4125555,São Manoel do Paraná,PR,2176,2025
4125605,São Mateus do Sul,PR,43490,2025
4125704,São Miguel do Iguaçu,PR,30416,2025
4125753,São Pedro do Iguaçu,PR,5730,2025
4125803,São Pedro do Ivaí,PR,8514,2025
4125902,São Pedro do Paraná,PR,2726,2025
4126009,São Sebastião da Amoreira,PR,8063,2025
4126108,São Tomé,PR,5282,2025
4126207,Sapopema,PR,6778,2025
4126256,Sarandi,PR,128106,2025
4126272,Saudade do Iguaçu,PR,6413,2025
4126306,Sengés,PR,17256,2025
4126355,Serranópolis do Iguaçu,PR,5161,2025
4126405,Sertaneja,PR,5654,2025
4126504,Sertanópolis,PR,16210,2025
4126603,Siqueira Campos,PR,24031,2025
4126652,Sulina,PR,3498,2025
4126678,Tamarana,PR,10540,2025
4126702,Tamboara,PR,4986,2025
4126801,Tapejara,PR,16326,2025
4126900,Tapira,PR,5807,2025
4127007,Teixeira Soares,PR,9540,2025
4127106,Telêmaco Borba,PR,77479,2025
4127205,Terra Boa,PR,18168,2025
4127304,Terra Rica,PR,14961,2025
4127403,Terra Roxa,PR,18636,2025
4127502,Tibagi,PR,20374,2025
4127601,Tijucas do Sul,PR,18458,2025
4127700,Toledo,PR,160701,2025
4127809,Tomazina,PR,8523,2025
4127858,Três Barras do Paraná,PR,11157,2025
4127882,Tunas do Paraná,PR,6304,2025
4127908,Tuneiras do Oeste,PR,8067,2025
4127957,Tupãssi,PR,8208,2025
4127965,Turvo,PR,14101,2025
4128005,Ubiratã,PR,25732,2025
4128104,Umuarama,PR,123059,2025
4128203,União da Vitória,PR,56560,2025
4128302,Uniflor,PR,2106,2025
4128401,Uraí,PR,10308,2025
4128500,Wenceslau Braz,PR,19398,2025
4128534,Ventania,PR,9760,2025
4128559,Vera Cruz do Oeste,PR,8178,2025
4128609,Verê,PR,8077,2025
4128625,Alto Paraíso,PR,3067,2025
4128633,Doutor Ulysses,PR,5744,2025
4128658,Virmond,PR,3828,2025
4128708,Vitorino,PR,10549,2025
4128807,Xambrê,PR,5835,2025
4200051,Abdon Batista,SC,2629,2025
4200101,Abelardo Luz,SC,17767,2025
4200200,Agrolândia,SC,11646,2025
4200309,Agronômica,SC,6511,2025
4200408,Água Doce,SC,6587,2025
4200507,Águas de Chapecó,SC,6123,2025
4200556,Águas Frias,SC,3000,2025
4200606,Águas Mornas,SC,7193,2025
4200705,Alfredo Wagner,SC,10963,2025
4200754,Alto Bela Vista,SC,1847,2025
4200804,Anchieta,SC,5955,2025
4200903,Angelina,SC,5484,2025
4201000,Anita Garibaldi,SC,8339,2025
4201109,Anitápolis,SC,3761,2025
4201208,Antônio Carlos,SC,12464,2025
4201257,Apiúna,SC,10041,2025
4201273,Arabutã,SC,4505,2025
4201307,Araquari,SC,52079,2025
4201406,Araranguá,SC,76611,2025
4201505,Armazém,SC,9289,2025
4201604,Arroio Trinta,SC,3634,2025
4201653,Arvoredo,SC,2623,2025
4201703,Ascurra,SC,8720,2025
4201802,Atalanta,SC,3265,2025
4201901,Aurora,SC,7241,2025
4201950,Balneário Arroio do Silva,SC,17786,2025
4202008,Balneário Camboriú,SC,151674,2025
4202057,Balneário Barra do Sul,SC,16953,2025
4202073,Balneário Gaivota,SC,17986,2025
4202081,Bandeirante,SC,3265,2025
4202099,Barra Bonita,SC,1642,2025
4202107,Barra Velha,SC,52860,2025
4202131,Bela Vista do Toldo,SC,5939,2025
4202156,Belmonte,SC,2712,2025
4202206,Benedito Novo,SC,10757,2025
4202305,Biguaçu,SC,83756,2025
4202404,Blumenau,SC,385558,2025
4202438,Bocaina do Sul,SC,3639,2025
4202453,Bombinhas,SC,28738,2025
4202503,Bom Jardim da Serra,SC,3995,2025
4202537,Bom Jesus,SC,2896,2025
4202578,Bom Jesus do Oeste,SC,2240,2025
4202602,Bom Retiro,SC,8422,2025
4202701,Botuverá,SC,5705,2025
4202800,Braço do Norte,SC,35985,2025
4202859,Braço do Trombudo,SC,4256,2025
4202875,Brunópolis,SC,2433,2025
4202909,Brusque,SC,155307,2025
4203006,Caçador,SC,76298,2025
4203105,Caibi,SC,6441,2025
4203154,Calmon,SC,3519,2025
4203204,Camboriú,SC,117324,2025
4203253,Capão Alto,SC,2636,2025
4203303,Campo Alegre,SC,12886,2025
4203402,Campo Belo do Sul,SC,7324,2025
4203501,Campo Erê,SC,9864,2025
4203600,Campos Novos,SC,39049,2025
4203709,Canelinha,SC,13618,2025
4203808,Canoinhas,SC,56948,2025
4203907,Capinzal,SC,24414,2025
4203956,Capivari de Baixo,SC,25015,2025
4204004,Catanduvas,SC,11033,2025
4204103,Caxambu do Sul,SC,4752,2025
4204152,Celso Ramos,SC,2864,2025
4204178,Cerro Negro,SC,3303,2025
4204194,Chapadão do Lageado,SC,3053,2025
4204202,Chapecó,SC,282648,2025
4204251,Cocal do Sul,SC,18106,2025
4204301,Concórdia,SC,87206,2025
4204350,Cordilheira Alta,SC,5192,2025
4204400,Coronel Freitas,SC,10604,2025
4204459,Coronel Martins,SC,1993,2025
4204509,Corupá,SC,15912,2025
4204558,Correia Pinto,SC,16253,2025
4204608,Criciúma,SC,227438,2025
4204707,Cunha Porã,SC,11242,2025
4204756,Cunhataí,SC,2026,2025
4204806,Curitibanos,SC,41741,2025
4204905,Descanso,SC,8652,2025
4205001,Dionísio Cerqueira,SC,15316,2025
4205100,Dona Emma,SC,4435,2025
4205159,Doutor Pedrinho,SC,3729,2025
4205175,Entre Rios,SC,3561,2025
4205191,Ermo,SC,2354,2025
4205209,Erval Velho,SC,5137,2025
4205308,Faxinal dos Guedes,SC,11537,2025
4205357,Flor do Sertão,SC,1868,2025
4205407,Florianópolis,SC,587486,2025
4205431,Formosa do Sul,SC,2752,2025
4205456,Forquilhinha,SC,34771,2025
4205506,Fraiburgo,SC,34065,2025
4205555,Frei Rogério,SC,2437,2025
4205605,Galvão,SC,3168,2025
4205704,Garopaba,SC,34070,2025
4205803,Garuva,SC,19970,2025
4205902,Gaspar,SC,78344,2025
4206009,Governador Celso Ramos,SC,18280,2025
4206108,Grão-Pará,SC,6403,2025
4206207,Gravatal,SC,13158,2025
4206306,Guabiruba,SC,26645,2025
4206405,Guaraciaba,SC,11071,2025
4206504,Guaramirim,SC,51009,2025
4206603,Guarujá do Sul,SC,4893,2025
4206652,Guatambú,SC,9611,2025
4206702,Herval d'Oeste,SC,22222,2025
4206751,Ibiam,SC,2061,2025
4206801,Ibicaré,SC,3295,2025
4206900,Ibirama,SC,20900,2025
4207007,Içara,SC,63489,2025
4207106,Ilhota,SC,18627,2025
4207205,Imaruí,SC,12150,2025
4207304,Imbituba,SC,57256,2025
4207403,Imbuia,SC,6166,2025
4207502,Indaial,SC,77888,2025
4207577,Iomerê,SC,2967,2025
4207601,Ipira,SC,4622,2025
4207650,Iporã do Oeste,SC,9759,2025
4207684,Ipuaçu,SC,8133,2025
4207700,Ipumirim,SC,8121,2025
4207759,Iraceminha,SC,3981,2025
4207809,Irani,SC,10560,2025
4207858,Irati,SC,2098,2025
4207908,Irineópolis,SC,10427,2025
4208005,Itá,SC,7370,2025
4208104,Itaiópolis,SC,22906,2025
4208203,Itajaí,SC,294850,2025
4208302,Itapema,SC,86116,2025
4208401,Itapiranga,SC,17268,2025
4208450,Itapoá,SC,36033,2025
4208500,Ituporanga,SC,28461,2025
4208609,Jaborá,SC,4461,2025
4208708,Jacinto Machado,SC,10818,2025
4208807,Jaguaruna,SC,21570,2025
4208906,Jaraguá do Sul,SC,199519,2025
4208955,Jardinópolis,SC,1810,2025
4209003,Joaçaba,SC,31809,2025
4209102,Joinville,SC,664541,2025
4209151,José Boiteux,SC,6415,2025
4209177,Jupiá,SC,2713,2025
4209201,Lacerdópolis,SC,2302,2025
4209300,Lages,SC,172458,2025
4209409,Laguna,SC,44060,2025
4209458,Lajeado Grande,SC,1791,2025
4209508,Laurentino,SC,8605,2025
4209607,Lauro Müller,SC,14628,2025
4209706,Lebon Régis,SC,11575,2025
4209805,Leoberto Leal,SC,3379,2025
4209854,Lindóia do Sul,SC,4604,2025
4209904,Lontras,SC,13829,2025
4210001,Luiz Alves,SC,12246,2025
4210035,Luzerna,SC,5951,2025
4210050,Macieira,SC,1796,2025
4210100,Mafra,SC,57262,2025
4210209,Major Gercino,SC,3253,2025
4210308,Major Vieira,SC,7543,2025
4210407,Maracajá,SC,8344,2025
4210506,Maravilha,SC,30743,2025
4210555,Marema,SC,2218,2025
4210605,Massaranduba,SC,18122,2025
4210704,Matos Costa,SC,2789,2025
4210803,Meleiro,SC,7128,2025
4210852,Mirim Doce,SC,2554,2025
4210902,Modelo,SC,4159,2025
4211009,Mondaí,SC,10206,2025
4211058,Monte Carlo,SC,9218,2025
4211108,Monte Castelo,SC,7747,2025
4211207,Morro da Fumaça,SC,19490,2025
4211256,Morro Grande,SC,3097,2025
4211306,Navegantes,SC,96046,2025
4211405,Nova Erechim,SC,5490,2025
4211454,Nova Itaberaba,SC,4672,2025
4211504,Nova Trento,SC,14395,2025
4211603,Nova Veneza,SC,14004,2025
4211652,Novo Horizonte,SC,2661,2025
4211702,Orleans,SC,24686,2025
4211751,Otacílio Costa,SC,17873,2025
4211801,Ouro,SC,7062,2025
4211850,Ouro Verde,SC,2195,2025
4211876,Paial,SC,2007,2025
4211892,Painel,SC,2216,2025
4211900,Palhoça,SC,253469,2025
4212007,Palma Sola,SC,7696,2025
4212056,Palmeira,SC,2658,2025
4212106,Palmitos,SC,15781,2025
4212205,Papanduva,SC,19769,2025
4212239,Paraíso,SC,4394,2025
4212254,Passo de Torres,SC,14859,2025
4212270,Passos Maia,SC,3997,2025
4212304,Paulo Lopes,SC,9879,2025
4212403,Pedras Grandes,SC,4355,2025
4212502,Penha,SC,36995,2025
4212601,Peritiba,SC,3040,2025
4212650,Pescaria Brava,SC,10615,2025
4212700,Petrolândia,SC,6996,2025
4212809,Balneário Piçarras,SC,30593,2025
4212908,Pinhalzinho,SC,23897,2025
4213005,Pinheiro Preto,SC,3631,2025
4213104,Piratuba,SC,6144,2025
4213153,Planalto Alegre,SC,3081,2025
4213203,Pomerode,SC,37003,2025
4213302,Ponte Alta,SC,4390,2025
4213351,Ponte Alta do Norte,SC,3241,2025
4213401,Ponte Serrada,SC,10732,2025
4213500,Porto Belo,SC,31557,2025
4213609,Porto União,SC,33694,2025
4213708,Pouso Redondo,SC,18051,2025
4213807,Praia Grande,SC,8696,2025
4213906,Presidente Castello Branco,SC,1707,2025
4214003,Presidente Getúlio,SC,21764,2025
4214102,Presidente Nereu,SC,2347,2025
4214151,Princesa,SC,3073,2025
4214201,Quilombo,SC,11433,2025
4214300,Rancho Queimado,SC,3484,2025
4214409,Rio das Antas,SC,6399,2025
4214508,Rio do Campo,SC,6638,2025
4214607,Rio do Oeste,SC,8071,2025
4214706,Rio dos Cedros,SC,11218,2025
4214805,Rio do Sul,SC,77451,2025
4214904,Rio Fortuna,SC,5044,2025
4215000,Rio Negrinho,SC,40132,2025
4215059,Rio Rufino,SC,2429,2025
4215075,Riqueza,SC,4828,2025
4215109,Rodeio,SC,13491,2025
4215208,Romelândia,SC,4684,2025
4215307,Salete,SC,7656,2025
4215356,Saltinho,SC,3604,2025
4215406,Salto Veloso,SC,4495,2025
4215455,Sangão,SC,13797,2025
4215505,Santa Cecília,SC,15749,2025
4215554,Santa Helena,SC,2476,2025
4215604,Santa Rosa de Lima,SC,2131,2025
4215653,Santa Rosa do Sul,SC,10450,2025
4215679,Santa Terezinha,SC,8015,2025
4215687,Santa Terezinha do Progresso,SC,2534,2025
4215695,Santiago do Sul,SC,1732,2025
4215703,Santo Amaro da Imperatriz,SC,30099,2025
4215752,São Bernardino,SC,2715,2025
4215802,São Bento do Sul,SC,87661,2025
4215901,São Bonifácio,SC,2982,2025
4216008,São Carlos,SC,10462,2025
4216057,São Cristóvão do Sul,SC,6489,2025
4216107,São Domingos,SC,9343,2025
4216206,São Francisco do Sul,SC,56726,2025
4216255,São João do Oeste,SC,6467,2025
4216305,São João Batista,SC,35336,2025
4216354,São João do Itaperiú,SC,4827,2025
4216404,São João do Sul,SC,9278,2025
4216503,São Joaquim,SC,26982,2025
4216602,São José,SC,295658,2025
4216701,São José do Cedro,SC,14538,2025
4216800,São José do Cerrito,SC,8706,2025
4216909,São Lourenço do Oeste,SC,26056,2025
4217006,São Ludgero,SC,14444,2025
4217105,São Martinho,SC,3520,2025
4217154,São Miguel da Boa Vista,SC,1777,2025
4217204,São Miguel do Oeste,SC,47724,2025
4217253,São Pedro de Alcântara,SC,6175,2025
4217303,Saudades,SC,10799,2025
4217402,Schroeder,SC,21710,2025
4217501,Seara,SC,19399,2025
4217550,Serra Alta,SC,3370,2025
4217600,Siderópolis,SC,14156,2025
4217709,Sombrio,SC,31722,2025
4217758,Sul Brasil,SC,2900,2025
4217808,Taió,SC,18909,2025
4217907,Tangará,SC,8144,2025
4217956,Tigrinhos,SC,2535,2025
4218004,Tijucas,SC,58695,2025
4218103,Timbé do Sul,SC,5503,2025
4218202,Timbó,SC,49768,2025
4218251,Timbó Grande,SC,7521,2025
4218301,Três Barras,SC,20525,2025
4218350,Treviso,SC,3920,2025
4218400,Treze de Maio,SC,7633,2025
4218509,Treze Tílias,SC,9531,2025
4218608,Trombudo Central,SC,7599,2025
4218707,Tubarão,SC,116725,2025
4218756,Tunápolis,SC,5081,2025
4218806,Turvo,SC,13604,2025
4218855,União do Oeste,SC,2791,2025
4218905,Urubici,SC,11064,2025
4218954,Urupema,SC,2751,2025
4219002,Urussanga,SC,21464,2025
4219101,Vargeão,SC,3726,2025
4219150,Vargem,SC,2613,2025
4219176,Vargem Bonita,SC,4597,2025
4219200,Vidal Ramos,SC,6266,2025
4219309,Videira,SC,59074,2025
4219358,Vitor Meireles,SC,5507,2025
4219408,Witmarsum,SC,4513,2025
4219507,Xanxerê,SC,54891,2025
4219606,Xavantina,SC,3583,2025
4219705,Xaxim,SC,34485,2025
4219853,Zortéa,SC,4257,2025
4220000,Balneário Rincão,SC,17697,2025
4300034,Aceguá,RS,4251,2025
4300059,Água Santa,RS,4003,2025
4300109,Agudo,RS,16341,2025
4300208,Ajuricaba,RS,6843,2025
4300307,Alecrim,RS,6219,2025
4300406,Alegrete,RS,74285,2025
4300455,Alegria,RS,3705,2025
4300471,Almirante Tamandaré do Sul,RS,2007,2025
4300505,Alpestre,RS,7235,2025
4300554,Alto Alegre,RS,1837,2025
4300570,Alto Feliz,RS,3145,2025
4300604,Alvorada,RS,194062,2025
4300638,Amaral Ferrador,RS,5384,2025
4300646,Ametista do Sul,RS,7826,2025
4300661,André da Rocha,RS,1156,2025
4300703,Anta Gorda,RS,6080,2025
4300802,Antônio Prado,RS,13332,2025
4300851,Arambaré,RS,4215,2025
4300877,Araricá,RS,8831,2025
4300901,Aratiba,RS,6618,2025
4301008,Arroio do Meio,RS,22523,2025
4301057,Arroio do Sal,RS,11418,2025
4301073,Arroio do Padre,RS,2650,2025
4301107,Arroio dos Ratos,RS,14934,2025
4301206,Arroio do Tigre,RS,12291,2025
4301305,Arroio Grande,RS,17879,2025
4301404,Arvorezinha,RS,10547,2025
4301503,Augusto Pestana,RS,7303,2025
4301552,Áurea,RS,3458,2025
4301602,Bagé,RS,121928,2025
4301636,Balneário Pinhal,RS,15413,2025
4301651,Barão,RS,6496,2025
4301701,Barão de Cotegipe,RS,7320,2025
4301750,Barão do Triunfo,RS,5972,2025
4301800,Barracão,RS,4915,2025
4301859,Barra do Guarita,RS,3231,2025
4301875,Barra do Quaraí,RS,4340,2025
4301909,Barra do Ribeiro,RS,12473,2025
4301925,Barra do Rio Azul,RS,1721,2025
4301958,Barra Funda,RS,2557,2025
4302006,Barros Cassal,RS,9425,2025
4302055,Benjamin Constant do Sul,RS,2118,2025
4302105,Bento Gonçalves,RS,127977,2025
4302154,Boa Vista das Missões,RS,1968,2025
4302204,Boa Vista do Buricá,RS,7129,2025
4302220,Boa Vista do Cadeado,RS,2269,2025
4302238,Boa Vista do Incra,RS,2314,2025
4302253,Boa Vista do Sul,RS,2815,2025
4302303,Bom Jesus,RS,11429,2025
4302352,Bom Princípio,RS,13665,2025
4302378,Bom Progresso,RS,2132,2025
4302402,Bom Retiro do Sul,RS,12587,2025
4302451,Boqueirão do Leão,RS,6202,2025
4302501,Bossoroca,RS,5978,2025
4302584,Bozano,RS,2195,2025
4302600,Braga,RS,3322,2025
4302659,Brochier,RS,5083,2025
4302709,Butiá,RS,19421,2025
4302808,Caçapava do Sul,RS,33501,2025
4302907,Cacequi,RS,11300,2025
4303004,Cachoeira do Sul,RS,82222,2025
4303103,Cachoeirinha,RS,141503,2025
4303202,Cacique Doble,RS,4692,2025
4303301,Caibaté,RS,4795,2025
4303400,Caiçara,RS,4931,2025
4303509,Camaquã,RS,63961,2025
4303558,Camargo,RS,3060,2025
4303608,Cambará do Sul,RS,6490,2025
4303673,Campestre da Serra,RS,3311,2025
4303707,Campina das Missões,RS,5999,2025
4303806,Campinas do Sul,RS,5388,2025
4303905,Campo Bom,RS,64719,2025
4304002,Campo Novo,RS,5063,2025
4304101,Campos Borges,RS,3695,2025
4304200,Candelária,RS,29775,2025
4304309,Cândido Godói,RS,6419,2025
4304358,Candiota,RS,11012,2025
4304408,Canela,RS,50715,2025
4304507,Canguçu,RS,50968,2025
4304606,Canoas,RS,359840,2025
4304614,Canudos do Vale,RS,1686,2025
4304622,Capão Bonito do Sul,RS,1769,2025
4304630,Capão da Canoa,RS,66234,2025
4304655,Capão do Cipó,RS,3187,2025
4304663,Capão do Leão,RS,27416,2025
4304671,Capivari do Sul,RS,4080,2025
4304689,Capela de Santana,RS,11424,2025
4304697,Capitão,RS,2994,2025
4304705,Carazinho,RS,63670,2025
4304713,Caraá,RS,7555,2025
4304804,Carlos Barbosa,RS,31585,2025
4304853,Carlos Gomes,RS,1384,2025
4304903,Casca,RS,9698,2025
4304952,Caseiros,RS,3064,2025
4305009,Catuípe,RS,8834,2025
4305108,Caxias do Sul,RS,479599,2025
4305116,Centenário,RS,2777,2025
4305124,Cerrito,RS,5910,2025
4305132,Cerro Branco,RS,3859,2025
4305157,Cerro Grande,RS,2428,2025
4305173,Cerro Grande do Sul,RS,9333,2025
4305207,Cerro Largo,RS,14014,2025
4305306,Chapada,RS,9751,2025
4305355,Charqueadas,RS,36110,2025
4305371,Charrua,RS,2800,2025
4305405,Chiapetta,RS,3991,2025
4305439,Chuí,RS,6409,2025
4305447,Chuvisca,RS,4682,2025
4305454,Cidreira,RS,17583,2025
4305504,Ciríaco,RS,4208,2025
4305587,Colinas,RS,2474,2025
4305603,Colorado,RS,3316,2025
4305702,Condor,RS,6538,2025
4305801,Constantina,RS,10631,2025
4305835,Coqueiro Baixo,RS,1308,2025
4305850,Coqueiros do Sul,RS,2248,2025
4305871,Coronel Barros,RS,2896,2025
4305900,Coronel Bicaco,RS,6214,2025
4305934,Coronel Pilar,RS,1637,2025
4305959,Cotiporã,RS,3926,2025
4305975,Coxilha,RS,2718,2025
4306007,Crissiumal,RS,13116,2025
4306056,Cristal,RS,7455,2025
4306072,Cristal do Sul,RS,2745,2025
4306106,Cruz Alta,RS,60454,2025
4306130,Cruzaltense,RS,1650,2025
4306205,Cruzeiro do Sul,RS,12574,2025
4306304,David Canabarro,RS,4400,2025
4306320,Derrubadas,RS,2793,2025
4306353,Dezesseis de Novembro,RS,2540,2025
4306379,Dilermando de Aguiar,RS,2856,2025
4306403,Dois Irmãos,RS,31804,2025
4306429,Dois Irmãos das Missões,RS,2132,2025
4306452,Dois Lajeados,RS,3156,2025
4306502,Dom Feliciano,RS,13280,2025
4306551,Dom Pedro de Alcântara,RS,2617,2025
4306601,Dom Pedrito,RS,38080,2025
4306700,Dona Francisca,RS,3133,2025
4306734,Doutor Maurício Cardoso,RS,4534,2025
4306759,Doutor Ricardo,RS,1924,2025
4306767,Eldorado do Sul,RS,41012,2025
4306809,Encantado,RS,23520,2025
4306908,Encruzilhada do Sul,RS,24275,2025
4306924,Engenho Velho,RS,1315,2025
4306932,Entre-Ijuís,RS,9367,2025
4306957,Entre Rios do Sul,RS,2727,2025
4306973,Erebango,RS,3122,2025
4307005,Erechim,RS,109609,2025
4307054,Ernestina,RS,3097,2025
4307104,Herval,RS,6302,2025
4307203,Erval Grande,RS,5027,2025
4307302,Erval Seco,RS,6892,2025
4307401,Esmeralda,RS,3264,2025
4307450,Esperança do Sul,RS,3293,2025
4307500,Espumoso,RS,15478,2025
4307559,Estação,RS,5685,2025
4307609,Estância Velha,RS,49499,2025
4307708,Esteio,RS,78144,2025
4307807,Estrela,RS,33263,2025
4307815,Estrela Velha,RS,3115,2025
4307831,Eugênio de Castro,RS,2683,2025
4307864,Fagundes Varela,RS,2620,2025
4307906,Farroupilha,RS,72552,2025
4308003,Faxinal do Soturno,RS,6846,2025
4308052,Faxinalzinho,RS,2572,2025
4308078,Fazenda Vilanova,RS,4405,2025
4308102,Feliz,RS,13994,2025
4308201,Flores da Cunha,RS,32015,2025
4308250,Floriano Peixoto,RS,1690,2025
4308300,Fontoura Xavier,RS,9710,2025
4308409,Formigueiro,RS,6527,2025
4308433,Forquetinha,RS,2441,2025
4308458,Fortaleza dos Valos,RS,4569,2025
4308508,Frederico Westphalen,RS,33726,2025
4308607,Garibaldi,RS,35563,2025
4308656,Garruchos,RS,2724,2025
4308706,Gaurama,RS,5779,2025
4308805,General Câmara,RS,7743,2025
4308854,Gentil,RS,1784,2025
4308904,Getúlio Vargas,RS,16955,2025
4309001,Giruá,RS,16273,2025
4309050,Glorinha,RS,7851,2025
4309100,Gramado,RS,41705,2025
4309126,Gramado dos Loureiros,RS,2047,2025
4309159,Gramado Xavier,RS,3350,2025
4309209,Gravataí,RS,275430,2025
4309258,Guabiju,RS,1441,2025
4309308,Guaíba,RS,95946,2025
4309407,Guaporé,RS,26168,2025
4309506,Guarani das Missões,RS,7547,2025
4309555,Harmonia,RS,5535,2025
4309571,Herveiras,RS,2604,2025
4309605,Horizontina,RS,19252,2025
4309654,Hulha Negra,RS,6102,2025
4309704,Humaitá,RS,4772,2025
4309753,Ibarama,RS,3787,2025
4309803,Ibiaçá,RS,4617,2025
4309902,Ibiraiaras,RS,6827,2025
4309951,Ibirapuitã,RS,3789,2025
4310009,Ibirubá,RS,22106,2025
4310108,Igrejinha,RS,34776,2025
4310207,Ijuí,RS,87848,2025
4310306,Ilópolis,RS,4245,2025
4310330,Imbé,RS,28027,2025
4310363,Imigrante,RS,3149,2025
4310405,Independência,RS,6557,2025
4310413,Inhacorá,RS,2047,2025
4310439,Ipê,RS,5490,2025
4310462,Ipiranga do Sul,RS,1748,2025
4310504,Iraí,RS,7619,2025
4310538,Itaara,RS,5712,2025
4310553,Itacurubi,RS,3038,2025
4310579,Itapuca,RS,1963,2025
4310603,Itaqui,RS,36811,2025
4310652,Itati,RS,2696,2025
4310702,Itatiba do Sul,RS,3240,2025
4310751,Ivorá,RS,1962,2025
4310801,Ivoti,RS,23566,2025
4310850,Jaboticaba,RS,3847,2025
4310876,Jacuizinho,RS,2066,2025
4310900,Jacutinga,RS,3398,2025
4311007,Jaguarão,RS,27396,2025
4311106,Jaguari,RS,10771,2025
4311122,Jaquirana,RS,3751,2025
4311130,Jari,RS,3412,2025
4311155,Jóia,RS,7294,2025
4311205,Júlio de Castilhos,RS,18545,2025
4311239,Lagoa Bonita do Sul,RS,2283,2025
4311254,Lagoão,RS,5421,2025
4311270,Lagoa dos Três Cantos,RS,1781,2025
4311304,Lagoa Vermelha,RS,28622,2025
4311403,Lajeado,RS,96879,2025
4311429,Lajeado do Bugre,RS,2661,2025
4311502,Lavras do Sul,RS,7290,2025
4311601,Liberato Salzano,RS,4845,2025
4311627,Lindolfo Collor,RS,6420,2025
4311643,Linha Nova,RS,1721,2025
4311700,Machadinho,RS,5867,2025
4311718,Maçambará,RS,4485,2025
4311734,Mampituba,RS,3203,2025
4311759,Manoel Viana,RS,6915,2025
4311775,Maquiné,RS,7593,2025
4311791,Maratá,RS,2521,2025
4311809,Marau,RS,46748,2025
4311908,Marcelino Ramos,RS,4382,2025
4311981,Mariana Pimentel,RS,4005,2025
4312005,Mariano Moro,RS,1884,2025
4312054,Marques de Souza,RS,4050,2025
4312104,Mata,RS,4782,2025
4312138,Mato Castelhano,RS,2611,2025
4312153,Mato Leitão,RS,5001,2025
4312179,Mato Queimado,RS,1833,2025
4312203,Maximiliano de Almeida,RS,4251,2025
4312252,Minas do Leão,RS,7661,2025
4312302,Miraguaí,RS,4501,2025
4312351,Montauri,RS,1530,2025
4312377,Monte Alegre dos Campos,RS,3251,2025
4312385,Monte Belo do Sul,RS,2608,2025
4312401,Montenegro,RS,66352,2025
4312427,Mormaço,RS,2815,2025
4312443,Morrinhos do Sul,RS,3133,2025
4312450,Morro Redondo,RS,6168,2025
4312476,Morro Reuter,RS,6167,2025
4312500,Mostardas,RS,12347,2025
4312609,Muçum,RS,4692,2025
4312617,Muitos Capões,RS,2937,2025
4312625,Muliterno,RS,1754,2025
4312658,Não-Me-Toque,RS,18335,2025
4312674,Nicolau Vergueiro,RS,1982,2025
4312708,Nonoai,RS,14074,2025
4312757,Nova Alvorada,RS,3229,2025
4312807,Nova Araçá,RS,5098,2025
4312906,Nova Bassano,RS,9867,2025
4312955,Nova Boa Vista,RS,2089,2025
4313003,Nova Bréscia,RS,3104,2025
4313011,Nova Candelária,RS,3138,2025
4313037,Nova Esperança do Sul,RS,4976,2025
4313060,Nova Hartz,RS,20558,2025
4313086,Nova Pádua,RS,2389,2025
4313102,Nova Palma,RS,5676,2025
4313201,Nova Petrópolis,RS,23934,2025
4313300,Nova Prata,RS,26637,2025
4313334,Nova Ramada,RS,2198,2025
4313359,Nova Roma do Sul,RS,3545,2025
4313375,Nova Santa Rita,RS,30189,2025
4313391,Novo Cabrais,RS,3633,2025
4313409,Novo Hamburgo,RS,235802,2025
4313425,Novo Machado,RS,3239,2025
4313441,Novo Tiradentes,RS,2187,2025
4313466,Novo Xingu,RS,1677,2025
4313490,Novo Barreiro,RS,4375,2025
4313508,Osório,RS,48999,2025
4313607,Paim Filho,RS,3685,2025
4313656,Palmares do Sul,RS,13189,2025
4313706,Palmeira das Missões,RS,34227,2025
4313805,Palmitinho,RS,8042,2025
4313904,Panambi,RS,45102,2025
4313953,Pantano Grande,RS,10443,2025
4314001,Paraí,RS,7362,2025
4314027,Paraíso do Sul,RS,6627,2025
4314035,Pareci Novo,RS,4441,2025
4314050,Parobé,RS,53569,2025
4314068,Passa Sete,RS,4024,2025
4314076,Passo do Sobrado,RS,6155,2025
4314100,Passo Fundo,RS,214811,2025
4314134,Paulo Bento,RS,2188,2025
4314159,Paverama,RS,8146,2025
4314175,Pedras Altas,RS,2099,2025
4314209,Pedro Osório,RS,7631,2025
4314308,Pejuçara,RS,3817,2025
4314407,Pelotas,RS,336150,2025
4314423,Picada Café,RS,5473,2025
4314456,Pinhal,RS,3039,2025
4314464,Pinhal da Serra,RS,2300,2025
4314472,Pinhal Grande,RS,3861,2025
4314498,Pinheirinho do Vale,RS,4638,2025
4314506,Pinheiro Machado,RS,11395,2025
4314548,Pinto Bandeira,RS,2785,2025
4314555,Pirapó,RS,2255,2025
4314605,Piratini,RS,17770,2025
4314704,Planalto,RS,10624,2025
4314753,Poço das Antas,RS,2224,2025
4314779,Pontão,RS,3345,2025
4314787,Ponte Preta,RS,1602,2025
4314803,Portão,RS,35273,2025
4314902,Porto Alegre,RS,1388794,2025
4315008,Porto Lucena,RS,4414,2025
4315057,Porto Mauá,RS,2173,2025
4315073,Porto Vera Cruz,RS,1582,2025
4315107,Porto Xavier,RS,10127,2025
4315131,Pouso Novo,RS,1771,2025
4315149,Presidente Lucena,RS,3166,2025
4315156,Progresso,RS,5423,2025
4315172,Protásio Alves,RS,2070,2025
4315206,Putinga,RS,3809,2025
4315305,Quaraí,RS,23995,2025
4315313,Quatro Irmãos,RS,1577,2025
4315321,Quevedos,RS,2553,2025
4315354,Quinze de Novembro,RS,4003,2025
4315404,Redentora,RS,9931,2025
4315453,Relvado,RS,1826,2025
4315503,Restinga Sêca,RS,15205,2025
4315552,Rio dos Índios,RS,2866,2025
4315602,Rio Grande,RS,198935,2025
4315701,Rio Pardo,RS,35641,2025
4315750,Riozinho,RS,4574,2025
4315800,Roca Sales,RS,10646,2025
4315909,Rodeio Bonito,RS,6831,2025
4315958,Rolador,RS,2330,2025
4316006,Rolante,RS,21752,2025
4316105,Ronda Alta,RS,9969,2025
4316204,Rondinha,RS,5078,2025
4316303,Roque Gonzales,RS,6693,2025
4316402,Rosário do Sul,RS,37674,2025
4316428,Sagrada Família,RS,2528,2025
4316436,Saldanha Marinho,RS,2619,2025
4316451,Salto do Jacuí,RS,10357,2025
4316477,Salvador das Missões,RS,2955,2025
4316501,Salvador do Sul,RS,7184,2025
4316600,Sananduva,RS,16770,2025
4316709,Santa Bárbara do Sul,RS,8269,2025
4316733,Santa Cecília do Sul,RS,1710,2025
4316758,Santa Clara do Sul,RS,7079,2025
4316808,Santa Cruz do Sul,RS,138270,2025
4316907,Santa Maria,RS,282395,2025
4316956,Santa Maria do Herval,RS,6486,2025
4316972,Santa Margarida do Sul,RS,2661,2025
4317004,Santana da Boa Vista,RS,7128,2025
4317103,Sant'Ana do Livramento,RS,87329,2025
4317202,Santa Rosa,RS,79488,2025
4317251,Santa Tereza,RS,1529,2025
4317301,Santa Vitória do Palmar,RS,31965,2025
4317400,Santiago,RS,50336,2025
4317509,Santo Ângelo,RS,79146,2025
4317558,Santo Antônio do Palma,RS,2134,2025
4317608,Santo Antônio da Patrulha,RS,44431,2025
4317707,Santo Antônio das Missões,RS,10485,2025
4317756,Santo Antônio do Planalto,RS,2138,2025
4317806,Santo Augusto,RS,14196,2025
4317905,Santo Cristo,RS,15667,2025
4317954,Santo Expedito do Sul,RS,2395,2025
4318002,São Borja,RS,61311,2025
4318051,São Domingos do Sul,RS,2806,2025
4318101,São Francisco de Assis,RS,17934,2025
4318200,São Francisco de Paula,RS,22388,2025
4318309,São Gabriel,RS,60090,2025
4318408,São Jerônimo,RS,21412,2025
4318424,São João da Urtiga,RS,4547,2025
4318432,São João do Polêsine,RS,2708,2025
4318440,São Jorge,RS,2976,2025
4318457,São José das Missões,RS,2399,2025
4318465,São José do Herval,RS,1931,2025
4318481,São José do Hortêncio,RS,4555,2025
4318499,São José do Inhacorá,RS,2466,2025
4318507,São José do Norte,RS,26248,2025
4318606,São José do Ouro,RS,6978,2025
4318614,São José do Sul,RS,2443,2025
4318622,São José dos Ausentes,RS,4295,2025
4318705,São Leopoldo,RS,225737,2025
4318804,São Lourenço do Sul,RS,43278,2025
4318903,São Luiz Gonzaga,RS,35865,2025
4319000,São Marcos,RS,21549,2025
4319109,São Martinho,RS,5587,2025
4319125,São Martinho da Serra,RS,2908,2025
4319158,São Miguel das Missões,RS,7193,2025
4319208,São Nicolau,RS,5243,2025
4319307,São Paulo das Missões,RS,5943,2025
4319356,São Pedro da Serra,RS,3618,2025
4319364,São Pedro das Missões,RS,1790,2025
4319372,São Pedro do Butiá,RS,3142,2025
4319406,São Pedro do Sul,RS,15863,2025
4319505,São Sebastião do Caí,RS,24898,2025
4319604,São Sepé,RS,21551,2025
4319703,São Valentim,RS,3320,2025
4319711,São Valentim do Sul,RS,2255,2025
4319737,São Valério do Sul,RS,2593,2025
4319752,São Vendelino,RS,2309,2025
4319802,São Vicente do Sul,RS,8257,2025
4319901,Sapiranga,RS,77935,2025
4320008,Sapucaia do Sul,RS,136572,2025
4320107,Sarandi,RS,23374,2025
4320206,Seberi,RS,12325,2025
4320230,Sede Nova,RS,2750,2025
4320263,Segredo,RS,6098,2025
4320305,Selbach,RS,5222,2025
4320321,Senador Salgado Filho,RS,2725,2025
4320354,Sentinela do Sul,RS,5424,2025
4320404,Serafina Corrêa,RS,17407,2025
4320453,Sério,RS,2089,2025
4320503,Sertão,RS,5630,2025
4320552,Sertão Santana,RS,5989,2025
4320578,Sete de Setembro,RS,1881,2025
4320602,Severiano de Almeida,RS,3463,2025
4320651,Silveira Martins,RS,2056,2025
4320677,Sinimbu,RS,8685,2025
4320701,Sobradinho,RS,14512,2025
4320800,Soledade,RS,30939,2025
4320859,Tabaí,RS,4569,2025
4320909,Tapejara,RS,25256,2025
4321006,Tapera,RS,10824,2025
4321105,Tapes,RS,14920,2025
4321204,Taquara,RS,54353,2025
4321303,Taquari,RS,25963,2025
4321329,Taquaruçu do Sul,RS,3192,2025
4321352,Tavares,RS,5319,2025
4321402,Tenente Portela,RS,14820,2025
4321436,Terra de Areia,RS,10575,2025
4321451,Teutônia,RS,34023,2025
4321469,Tio Hugo,RS,3358,2025
4321477,Tiradentes do Sul,RS,5188,2025
4321493,Toropi,RS,2594,2025
4321501,Torres,RS,43344,2025
4321600,Tramandaí,RS,56430,2025
4321626,Travesseiro,RS,2192,2025
4321634,Três Arroios,RS,2636,2025
4321667,Três Cachoeiras,RS,11224,2025
4321709,Três Coroas,RS,24428,2025
4321808,Três de Maio,RS,25466,2025
4321832,Três Forquilhas,RS,2813,2025
4321857,Três Palmeiras,RS,4829,2025
4321907,Três Passos,RS,26304,2025
4321956,Trindade do Sul,RS,7785,2025
4322004,Triunfo,RS,28435,2025
4322103,Tucunduva,RS,5646,2025
4322152,Tunas,RS,3732,2025
4322186,Tupanci do Sul,RS,1396,2025
4322202,Tupanciretã,RS,20324,2025
4322251,Tupandi,RS,5172,2025
4322301,Tuparendi,RS,8535,2025
4322327,Turuçu,RS,3488,2025
4322343,Ubiretama,RS,2025,2025
4322350,União da Serra,RS,1183,2025
4322376,Unistalda,RS,2047,2025
4322400,Uruguaiana,RS,120819,2025
4322509,Vacaria,RS,66146,2025
4322525,Vale Verde,RS,3213,2025
4322533,Vale do Sol,RS,10069,2025
4322541,Vale Real,RS,6223,2025
4322558,Vanini,RS,2047,2025
4322608,Venâncio Aires,RS,70842,2025
4322707,Vera Cruz,RS,27670,2025
4322806,Veranópolis,RS,24554,2025
4322855,Vespasiano Corrêa,RS,1851,2025
4322905,Viadutos,RS,4847,2025
4323002,Viamão,RS,231996,2025
4323101,Vicente Dutra,RS,4741,2025
4323200,Victor Graeff,RS,2829,2025
4323309,Vila Flores,RS,3741,2025
4323358,Vila Lângaro,RS,2121,2025
4323408,Vila Maria,RS,4515,2025
4323457,Vila Nova do Sul,RS,3932,2025
4323507,Vista Alegre,RS,2710,2025
4323606,Vista Alegre do Prata,RS,1624,2025
4323705,Vista Gaúcha,RS,2843,2025
4323754,Vitória das Missões,RS,3316,2025
4323770,Westfália,RS,3223,2025
4323804,Xangri-lá,RS,16949,2025
5000203,Água Clara,MS,17901,2025
5000252,Alcinópolis,MS,4649,2025
5000609,Amambai,MS,41751,2025
5000708,Anastácio,MS,24781,2025
5000807,Anaurilândia,MS,7688,2025
5000856,Angélica,MS,11308,2025
5000906,Antônio João,MS,9717,2025
5001003,Aparecida do Taboado,MS,29826,2025
5001102,Aquidauana,MS,48689,2025
5001243,Aral Moreira,MS,11125,2025
5001508,Bandeirantes,MS,8342,2025
5001904,Bataguassu,MS,24222,2025
5002001,Batayporã,MS,10947,2025
5002100,Bela Vista,MS,21881,2025
5002159,Bodoquena,MS,8887,2025
5002209,Bonito,MS,25034,2025
5002308,Brasilândia,MS,11833,2025
5002407,Caarapó,MS,32748,2025
5002605,Camapuã,MS,13928,2025
5002704,Campo Grande,MS,962883,2025
5002803,Caracol,MS,5096,2025
5002902,Cassilândia,MS,21565,2025
5002951,Chapadão do Sul,MS,34606,2025
5003108,Corguinho,MS,4892,2025
5003157,Coronel Sapucaia,MS,14685,2025
5003207,Corumbá,MS,98751,2025
5003256,Costa Rica,MS,28740,2025
5003306,Coxim,MS,33440,2025
5003454,Deodápolis,MS,14317,2025
5003488,Dois Irmãos do Buriti,MS,11521,2025
5003504,Douradina,MS,5768,2025
5003702,Dourados,MS,264017,2025
5003751,Eldorado,MS,11622,2025
5003801,Fátima do Sul,MS,21504,2025
5003900,Figueirão,MS,3751,2025
5004007,Glória de Dourados,MS,10817,2025
5004106,Guia Lopes da Laguna,MS,10116,2025
5004304,Iguatemi,MS,13960,2025
5004403,Inocência,MS,8764,2025
5004502,Itaporã,MS,25263,2025
5004601,Itaquiraí,MS,20060,2025
5004700,Ivinhema,MS,30001,2025
5004809,Japorã,MS,8441,2025
5004908,Jaraguari,MS,7480,2025
5005004,Jardim,MS,24504,2025
5005103,Jateí,MS,3596,2025
5005152,Juti,MS,7067,2025
5005202,Ladário,MS,22425,2025
5005251,Laguna Carapã,MS,7037,2025
5005400,Maracaju,MS,48073,2025
5005608,Miranda,MS,26512,2025
5005681,Mundo Novo,MS,20087,2025
5005707,Naviraí,MS,53014,2025
5005806,Nioaque,MS,13354,2025
5006002,Nova Alvorada do Sul,MS,23409,2025
5006200,Nova Andradina,MS,50848,2025
5006259,Novo Horizonte do Sul,MS,4801,2025
5006275,Paraíso das Águas,MS,5842,2025
5006309,Paranaíba,MS,42638,2025
5006358,Paranhos,MS,13368,2025
5006408,Pedro Gomes,MS,6910,2025
5006606,Ponta Porã,MS,98598,2025
5006903,Porto Murtinho,MS,12721,2025
5007109,Ribas do Rio Pardo,MS,24152,2025
5007208,Rio Brilhante,MS,40419,2025
5007307,Rio Negro,MS,4921,2025
5007406,Rio Verde de Mato Grosso,MS,20454,2025
5007505,Rochedo,MS,5451,2025
5007554,Santa Rita do Pardo,MS,7165,2025
5007695,São Gabriel do Oeste,MS,32207,2025
5007703,Sete Quedas,MS,11322,2025
5007802,Selvíria,MS,8716,2025
5007901,Sidrolândia,MS,49735,2025
5007935,Sonora,MS,14813,2025
5007950,Tacuru,MS,11205,2025
5007976,Taquarussu,MS,3740,2025
5008008,Terenos,MS,18182,2025
5008305,Três Lagoas,MS,143523,2025
5008404,Vicentina,MS,6505,2025
5100102,Acorizal,MT,4948,2025
5100201,Água Boa,MT,32099,2025
5100250,Alta Floresta,MT,62158,2025
5100300,Alto Araguaia,MT,17751,2025
5100359,Alto Boa Vista,MT,5920,2025
5100409,Alto Garças,MT,13956,2025
5100508,Alto Paraguai,MT,7525,2025
5100607,Alto Taquari,MT,11877,2025
5100805,Apiacás,MT,8693,2025
5101001,Araguaiana,MT,4005,2025
5101209,Araguainha,MT,997,2025
5101258,Araputanga,MT,14805,2025
5101308,Arenápolis,MT,10769,2025
5101407,Aripuanã,MT,26558,2025
5101605,Barão de Melgaço,MT,7137,2025
5101704,Barra do Bugres,MT,29406,2025
5101803,Barra do Garças,MT,73878,2025
5101837,Boa Esperança do Norte,MT,5877,2025
5101852,Bom Jesus do Araguaia,MT,7912,2025
5101902,Brasnorte,MT,17645,2025
5102504,Cáceres,MT,91767,2025
5102603,Campinápolis,MT,15808,2025
5102637,Campo Novo do Parecis,MT,51722,2025
5102678,Campo Verde,MT,49053,2025
5102686,Campos de Júlio,MT,9946,2025
5102694,Canabrava do Norte,MT,4451,2025
5102702,Canarana,MT,28324,2025
5102793,Carlinda,MT,10260,2025
5102850,Castanheira,MT,7392,2025
5103007,Chapada dos Guimarães,MT,19458,2025
5103056,Cláudia,MT,9301,2025
5103106,Cocalinho,MT,6495,2025
5103205,Colíder,MT,32054,2025
5103254,Colniza,MT,26026,2025
5103304,Comodoro,MT,18469,2025
5103353,Confresa,MT,38460,2025
5103361,Conquista D'Oeste,MT,3908,2025
5103379,Cotriguaçu,MT,10030,2025
5103403,Cuiabá,MT,691875,2025
5103437,Curvelândia,MT,4970,2025
5103452,Denise,MT,6675,2025
5103502,Diamantino,MT,22623,2025
5103601,Dom Aquino,MT,7890,2025
5103700,Feliz Natal,MT,10523,2025
5103809,Figueirópolis D'Oeste,MT,3056,2025
5103858,Gaúcha do Norte,MT,9397,2025
5103908,General Carneiro,MT,6319,2025
5103957,Glória D'Oeste,MT,2878,2025
5104104,Guarantã do Norte,MT,31209,2025
5104203,Guiratinga,MT,10252,2025
5104500,Indiavaí,MT,2172,2025
5104526,Ipiranga do Norte,MT,8658,2025
5104542,Itanhangá,MT,8257,2025
5104559,Itaúba,MT,5201,2025
5104609,Itiquira,MT,12587,2025
5104807,Jaciara,MT,29803,2025
5104906,Jangada,MT,7413,2025
5105002,Jauru,MT,7881,2025
5105101,Juara,MT,36089,2025
5105150,Juína,MT,48396,2025
5105176,Juruena,MT,10057,2025
5105200,Juscimeira,MT,11622,2025
5105234,Lambari D'Oeste,MT,4662,2025
5105259,Lucas do Rio Verde,MT,95792,2025
5105309,Luciara,MT,2616,2025
5105507,Vila Bela da Santíssima Trindade,MT,17592,2025
5105580,Marcelândia,MT,11355,2025
5105606,Matupá,MT,21959,2025
5105622,Mirassol d'Oeste,MT,27637,2025
5105903,Nobres,MT,15796,2025
5106000,Nortelândia,MT,5890,2025
5106109,Nossa Senhora do Livramento,MT,11658,2025
5106158,Nova Bandeirantes,MT,14340,2025
5106174,Nova Nazaré,MT,4575,2025
5106182,Nova Lacerda,MT,7072,2025
5106190,Nova Santa Helena,MT,4502,2025
5106208,Nova Brasilândia,MT,3791,2025
5106216,Nova Canaã do Norte,MT,11734,2025
5106224,Nova Mutum,MT,63455,2025
5106232,Nova Olímpia,MT,16204,2025
5106240,Nova Ubiratã,MT,9760,2025
5106257,Nova Xavantina,MT,25915,2025
5106265,Novo Mundo,MT,6368,2025
5106273,Novo Horizonte do Norte,MT,3267,2025
5106281,Novo São Joaquim,MT,7239,2025
5106299,Paranaíta,MT,12079,2025
5106307,Paranatinga,MT,28870,2025
5106315,Novo Santo Antônio,MT,2041,2025
5106372,Pedra Preta,MT,18946,2025
5106422,Peixoto de Azevedo,MT,33754,2025
5106455,Planalto da Serra,MT,3328,2025
5106505,Poconé,MT,31203,2025
5106653,Pontal do Araguaia,MT,7441,2025
5106703,Ponte Branca,MT,2098,2025
5106752,Pontes e Lacerda,MT,55762,2025
5106778,Porto Alegre do Norte,MT,12649,2025
5106802,Porto dos Gaúchos,MT,5705,2025
5106828,Porto Esperidião,MT,10088,2025
5106851,Porto Estrela,MT,3141,2025
5107008,Poxoréu,MT,25103,2025
5107040,Primavera do Leste,MT,96006,2025
5107065,Querência,MT,31100,2025
5107107,São José dos Quatro Marcos,MT,17721,2025
5107156,Reserva do Cabaçal,MT,2020,2025
5107180,Ribeirão Cascalheira,MT,10541,2025
5107198,Ribeirãozinho,MT,2733,2025
5107206,Rio Branco,MT,4440,2025
5107248,Santa Carmem,MT,5795,2025
5107263,Santo Afonso,MT,2416,2025
5107297,São José do Povo,MT,2716,2025
5107305,São José do Rio Claro,MT,14455,2025
5107354,São José do Xingu,MT,6234,2025
5107404,São Pedro da Cipa,MT,4250,2025
5107578,Rondolândia,MT,3518,2025
5107602,Rondonópolis,MT,263708,2025
5107701,Rosário Oeste,MT,15041,2025
5107743,Santa Cruz do Xingu,MT,2904,2025
5107750,Salto do Céu,MT,3657,2025
5107768,Santa Rita do Trivelato,MT,3536,2025
5107776,Santa Terezinha,MT,7737,2025
5107792,Santo Antônio do Leste,MT,4244,2025
5107800,Santo Antônio de Leverger,MT,16839,2025
5107859,São Félix do Araguaia,MT,14604,2025
5107875,Sapezal,MT,32514,2025
5107883,Serra Nova Dourada,MT,1941,2025
5107909,Sinop,MT,223780,2025
5107925,Sorriso,MT,124665,2025
5107941,Tabaporã,MT,9895,2025
5107958,Tangará da Serra,MT,114603,2025
5108006,Tapurah,MT,15638,2025
5108055,Terra Nova do Norte,MT,10591,2025
5108105,Tesouro,MT,2935,2025
5108204,Torixoréu,MT,4238,2025
5108303,União do Sul,MT,3904,2025
5108352,Vale de São Domingos,MT,2892,2025
5108402,Várzea Grande,MT,318922,2025
5108501,Vera,MT,10758,2025
5108600,Vila Rica,MT,19686,2025
5108808,Nova Guarita,MT,4546,2025
5108857,Nova Marilândia,MT,3731,2025
5108907,Nova Maringá,MT,5705,2025
5108956,Nova Monte Verde,MT,8470,2025
5200050,Abadia de Goiás,GO,22052,2025
5200100,Abadiânia,GO,17738,2025
5200134,Acreúna,GO,22079,2025
5200159,Adelândia,GO,2282,2025
5200175,Água Fria de Goiás,GO,4979,2025
5200209,Água Limpa,GO,1843,2025
5200258,Águas Lindas de Goiás,GO,245352,2025
5200308,Alexânia,GO,28244,2025
5200506,Aloândia,GO,1977,2025
5200555,Alto Horizonte,GO,6487,2025
5200605,Alto Paraíso de Goiás,GO,11182,2025
5200803,Alvorada do Norte,GO,8619,2025
5200829,Amaralina,GO,3267,2025
5200852,Americano do Brasil,GO,5260,2025
5200902,Amorinópolis,GO,2906,2025
5201108,Anápolis,GO,420300,2025
5201207,Anhanguera,GO,913,2025
5201306,Anicuns,GO,18306,2025
5201405,Aparecida de Goiânia,GO,556021,2025
5201454,Aparecida do Rio Doce,GO,3045,2025
5201504,Aporé,GO,4488,2025
5201603,Araçu,GO,3840,2025
5201702,Aragarças,GO,18601,2025
5201801,Aragoiânia,GO,12806,2025
5202155,Araguapaz,GO,7152,2025
5202353,Arenópolis,GO,2904,2025
5202502,Aruanã,GO,8570,2025
5202601,Aurilândia,GO,3237,2025
5202809,Avelinópolis,GO,2993,2025
5203104,Baliza,GO,3306,2025
5203203,Barro Alto,GO,10853,2025
5203302,Bela Vista de Goiás,GO,37305,2025
5203401,Bom Jardim de Goiás,GO,7775,2025
5203500,Bom Jesus de Goiás,GO,24925,2025
5203559,Bonfinópolis,GO,11025,2025
5203575,Bonópolis,GO,3289,2025
5203609,Brazabrantes,GO,4201,2025
5203807,Britânia,GO,5798,2025
5203906,Buriti Alegre,GO,10930,2025
5203939,Buriti de Goiás,GO,2800,2025
5203962,Buritinópolis,GO,3140,2025
5204003,Cabeceiras,GO,7689,2025
5204102,Cachoeira Alta,GO,11854,2025
5204201,Cachoeira de Goiás,GO,1417,2025
5204250,Cachoeira Dourada,GO,7762,2025
5204300,Caçu,GO,14034,2025
5204409,Caiapônia,GO,16628,2025
5204508,Caldas Novas,GO,106820,2025
5204557,Caldazinha,GO,4819,2025
5204607,Campestre de Goiás,GO,3879,2025
5204656,Campinaçu,GO,3760,2025
5204706,Campinorte,GO,12983,2025
5204805,Campo Alegre de Goiás,GO,7807,2025
5204854,Campo Limpo de Goiás,GO,8579,2025
5204904,Campos Belos,GO,18227,2025
5204953,Campos Verdes,GO,3822,2025
5205000,Carmo do Rio Verde,GO,9988,2025
5205059,Castelândia,GO,2871,2025
5205109,Catalão,GO,122760,2025
5205208,Caturaí,GO,5352,2025
5205307,Cavalcante,GO,9730,2025
5205406,Ceres,GO,22570,2025
5205455,Cezarina,GO,8301,2025
5205471,Chapadão do Céu,GO,14321,2025
5205497,Cidade Ocidental,GO,101570,2025
5205513,Cocalzinho de Goiás,GO,27196,2025
5205521,Colinas do Sul,GO,4188,2025
5205703,Córrego do Ouro,GO,2441,2025
5205802,Corumbá de Goiás,GO,10724,2025
5205901,Corumbaíba,GO,9484,2025
5206206,Cristalina,GO,66827,2025
5206305,Cristianópolis,GO,3670,2025
5206404,Crixás,GO,17532,2025
5206503,Cromínia,GO,3999,2025
5206602,Cumari,GO,2951,2025
5206701,Damianópolis,GO,3917,2025
5206800,Damolândia,GO,2753,2025
5206909,Davinópolis,GO,1889,2025
5207105,Diorama,GO,1991,2025
5207253,Doverlândia,GO,6823,2025
5207352,Edealina,GO,4104,2025
5207402,Edéia,GO,11982,2025
5207501,Estrela do Norte,GO,3214,2025
5207535,Faina,GO,7167,2025
5207600,Fazenda Nova,GO,5842,2025
5207808,Firminópolis,GO,10274,2025
5207907,Flores de Goiás,GO,14273,2025
5208004,Formosa,GO,121559,2025
5208103,Formoso,GO,4662,2025
5208152,Gameleira de Goiás,GO,3563,2025
5208301,Divinópolis de Goiás,GO,4405,2025
5208400,Goianápolis,GO,14758,2025
5208509,Goiandira,GO,4962,2025
5208608,Goianésia,GO,78009,2025
5208707,Goiânia,GO,1503256,2025
5208806,Goianira,GO,81495,2025
5208905,Goiás,GO,24172,2025
5209101,Goiatuba,GO,36984,2025
5209150,Gouvelândia,GO,4313,2025
5209200,Guapó,GO,20985,2025
5209291,Guaraíta,GO,2170,2025
5209408,Guarani de Goiás,GO,4091,2025
5209457,Guarinos,GO,2154,2025
5209606,Heitoraí,GO,3342,2025
5209705,Hidrolândia,GO,30587,2025
5209804,Hidrolina,GO,3477,2025
5209903,Iaciara,GO,10289,2025
5209937,Inaciolândia,GO,6076,2025
5209952,Indiara,GO,17985,2025
5210000,Inhumas,GO,53884,2025
5210109,Ipameri,GO,26223,2025
5210158,Ipiranga de Goiás,GO,2968,2025
5210208,Iporá,GO,37283,2025
5210307,Israelândia,GO,2515,2025
5210406,Itaberaí,GO,47603,2025
5210562,Itaguari,GO,5120,2025
5210604,Itaguaru,GO,4837,2025
5210802,Itajá,GO,4276,2025
5210901,Itapaci,GO,21891,2025
5211008,Itapirapuã,GO,8133,2025
5211206,Itapuranga,GO,26553,2025
5211305,Itarumã,GO,6124,2025
5211404,Itauçu,GO,7636,2025
5211503,Itumbiara,GO,113322,2025
5211602,Ivolândia,GO,2731,2025
5211701,Jandaia,GO,6365,2025
5211800,Jaraguá,GO,46633,2025
5211909,Jataí,GO,111634,2025
5212006,Jaupaci,GO,2939,2025
5212055,Jesúpolis,GO,2112,2025
5212105,Joviânia,GO,7247,2025
5212204,Jussara,GO,19926,2025
5212253,Lagoa Santa,GO,1435,2025
5212303,Leopoldo de Bulhões,GO,9123,2025
5212501,Luziânia,GO,221262,2025
5212600,Mairipotaba,GO,2631,2025
5212709,Mambaí,GO,8493,2025
5212808,Mara Rosa,GO,10806,2025
5212907,Marzagão,GO,2942,2025
5212956,Matrinchã,GO,4004,2025
5213004,Maurilândia,GO,10145,2025
5213053,Mimoso de Goiás,GO,2626,2025
5213087,Minaçu,GO,26616,2025
5213103,Mineiros,GO,74999,2025
5213400,Moiporá,GO,1687,2025
5213509,Monte Alegre de Goiás,GO,6534,2025
5213707,Montes Claros de Goiás,GO,9024,2025
5213756,Montividiu,GO,13094,2025
5213772,Montividiu do Norte,GO,3743,2025
5213806,Morrinhos,GO,54326,2025
5213855,Morro Agudo de Goiás,GO,2505,2025
5213905,Mossâmedes,GO,4626,2025
5214002,Mozarlândia,GO,15199,2025
5214051,Mundo Novo,GO,6202,2025
5214101,Mutunópolis,GO,3540,2025
5214408,Nazário,GO,8349,2025
5214507,Nerópolis,GO,34273,2025
5214606,Niquelândia,GO,33890,2025
5214705,Nova América,GO,2380,2025
5214804,Nova Aurora,GO,2132,2025
5214838,Nova Crixás,GO,13153,2025
5214861,Nova Glória,GO,8356,2025
5214879,Nova Iguaçu de Goiás,GO,3084,2025
5214903,Nova Roma,GO,3022,2025
5215009,Nova Veneza,GO,9883,2025
5215207,Novo Brasil,GO,3567,2025
5215231,Novo Gama,GO,107663,2025
5215256,Novo Planalto,GO,3703,2025
5215306,Orizona,GO,17035,2025
5215405,Ouro Verde de Goiás,GO,4109,2025
5215504,Ouvidor,GO,7665,2025
5215603,Padre Bernardo,GO,37207,2025
5215652,Palestina de Goiás,GO,3113,2025
5215702,Palmeiras de Goiás,GO,34375,2025
5215801,Palmelo,GO,2266,2025
5215900,Palminópolis,GO,3959,2025
5216007,Panamá,GO,2432,2025
5216304,Paranaiguara,GO,7356,2025
5216403,Paraúna,GO,10727,2025
5216452,Perolândia,GO,2999,2025
5216809,Petrolina de Goiás,GO,9519,2025
5216908,Pilar de Goiás,GO,2254,2025
5217104,Piracanjuba,GO,25373,2025
5217203,Piranhas,GO,11940,2025
5217302,Pirenópolis,GO,28028,2025
5217401,Pires do Rio,GO,33736,2025
5217609,Planaltina,GO,112304,2025
5217708,Pontalina,GO,18763,2025
5218003,Porangatu,GO,45512,2025
5218052,Porteirão,GO,4276,2025
5218102,Portelândia,GO,3191,2025
5218300,Posse,GO,36291,2025
5218391,Professor Jamil,GO,3750,2025
5218508,Quirinópolis,GO,50329,2025
5218607,Rialma,GO,12665,2025
5218706,Rianápolis,GO,3893,2025
5218789,Rio Quente,GO,4033,2025
5218805,Rio Verde,GO,241494,2025
5218904,Rubiataba,GO,20186,2025
5219001,Sanclerlândia,GO,8085,2025
5219100,Santa Bárbara de Goiás,GO,6306,2025
5219209,Santa Cruz de Goiás,GO,3004,2025
5219258,Santa Fé de Goiás,GO,5047,2025
5219308,Santa Helena de Goiás,GO,39601,2025
5219357,Santa Isabel,GO,3543,2025
5219407,Santa Rita do Araguaia,GO,5765,2025
5219456,Santa Rita do Novo Destino,GO,2611,2025
5219506,Santa Rosa de Goiás,GO,2828,2025
5219605,Santa Tereza de Goiás,GO,3172,2025
5219704,Santa Terezinha de Goiás,GO,10837,2025
5219712,Santo Antônio da Barra,GO,4279,2025
5219738,Santo Antônio de Goiás,GO,8066,2025
5219753,Santo Antônio do Descoberto,GO,75221,2025
5219803,São Domingos,GO,9457,2025
5219902,São Francisco de Goiás,GO,6507,2025
5220009,São João d'Aliança,GO,15026,2025
5220058,São João da Paraúna,GO,1812,2025
5220108,São Luís de Montes Belos,GO,35288,2025
5220157,São Luiz do Norte,GO,4939,2025
5220207,São Miguel do Araguaia,GO,22040,2025
5220264,São Miguel do Passa Quatro,GO,4671,2025
5220280,São Patrício,GO,2200,2025
5220405,São Simão,GO,17181,2025
5220454,Senador Canedo,GO,175042,2025
5220504,Serranópolis,GO,8237,2025
5220603,Silvânia,GO,23150,2025
5220686,Simolândia,GO,5634,2025
5220702,Sítio d'Abadia,GO,2978,2025
5221007,Taquaral de Goiás,GO,4180,2025
5221080,Teresina de Goiás,GO,2660,2025
5221197,Terezópolis de Goiás,GO,8340,2025
5221304,Três Ranchos,GO,2976,2025
5221403,Trindade,GO,153560,2025
5221452,Trombas,GO,3080,2025
5221502,Turvânia,GO,4449,2025
5221551,Turvelândia,GO,5171,2025
5221577,Uirapuru,GO,2798,2025
5221601,Uruaçu,GO,44533,2025
5221700,Uruana,GO,13857,2025
5221809,Urutaí,GO,3700,2025
5221858,Valparaíso de Goiás,GO,218416,2025
5221908,Varjão,GO,3770,2025
5222005,Vianópolis,GO,15644,2025
5222054,Vicentinópolis,GO,9175,2025
5222203,Vila Boa,GO,4145,2025
5222302,Vila Propício,GO,6028,2025
5300108,Brasília,DF,2996899,2025
